V-Cr-Mn-Zn-Pt,7-7-7-7-4,4.08158976380527493100,5
V-Cr-Mn-Mo-Pt,7-7-7-7-4,4.26772041024245167200,8
V-Cr-Mn-W-Pt,7-7-7-7-4,4.46678715633507659500,17
V-Cr-Fe-Mo-Pt,7-7-7-7-4,4.06286536818536481500,29
V-Cr-Fe-W-Pt,7-7-7-7-4,4.26442405255387330500,38
V-Cr-Fe-Au-Pt,7-7-7-7-4,4.93045383306648557400,42
V-Cr-Co-Ni-Pt,7-7-7-7-4,4.02697932698939987900,44
V-Cr-Co-Zn-Pt,7-7-7-7-4,4.30374110513167369300,46
V-Cr-Co-Mo-Pt,7-7-7-7-4,4.48650755042271159200,49
V-Cr-Co-Pd-Pt,7-7-7-7-4,4.13487454465065965100,53
V-Cr-Co-W-Pt,7-7-7-7-4,4.68177984317930097100,58
V-Cr-Co-Re-Pt,7-7-7-7-4,4.13487454465065965100,59
V-Cr-Ni-Zn-Pt,7-7-7-7-4,4.30374110513167369300,65
V-Cr-Ni-Mo-Pt,7-7-7-7-4,4.48650755042271159200,68
V-Cr-Ni-Pd-Pt,7-7-7-7-4,4.13487454465065965100,72
V-Cr-Ni-W-Pt,7-7-7-7-4,4.68177984317930097100,77
V-Cr-Ni-Re-Pt,7-7-7-7-4,4.13487454465065965100,78
V-Cr-Cu-Ag-Pt,7-7-7-7-4,4.99186838768812092900,91
V-Cr-Cu-W-Pt,7-7-7-7-4,4.07764484721266523300,95
V-Cr-Cu-Au-Pt,7-7-7-7-4,4.75187463008021708800,99
V-Cr-Zn-Nb-Pt,7-7-7-7-4,4.69291354064828260100,102
V-Cr-Zn-Ag-Pt,7-7-7-7-4,4.25246252188070435900,108
V-Cr-Zn-Ta-Pt,7-7-7-7-4,4.69291354064828260100,111
V-Cr-Zn-Au-Pt,7-7-7-7-4,4.04606290114229440100,116
V-Cr-Nb-Mo-Pt,7-7-7-7-4,4.73226954008327805400,134
V-Cr-Nb-Tc-Pt,7-7-7-7-4,4.68844990375283843600,135
V-Cr-Nb-Ru-Pt,7-7-7-7-4,4.78238957007895792300,136
V-Cr-Nb-Rh-Pt,7-7-7-7-4,4.72595889740907501200,137
V-Cr-Nb-Pd-Pt,7-7-7-7-4,4.67182378734472389900,138
V-Cr-Nb-W-Pt,7-7-7-7-4,4.79038751042126027200,143
V-Cr-Nb-Re-Pt,7-7-7-7-4,4.67182378734472389900,144
V-Cr-Nb-Os-Pt,7-7-7-7-4,4.72595889740907501200,145
V-Cr-Nb-Ir-Pt,7-7-7-7-4,4.68844990375283843600,146
V-Cr-Mo-Ag-Pt,7-7-7-7-4,4.30990864172316302200,153
V-Cr-Mo-Ta-Pt,7-7-7-7-4,4.73226954008327805400,156
V-Cr-Mo-Au-Pt,7-7-7-7-4,4.11335477439036371700,161
V-Cr-Tc-Ag-Pt,7-7-7-7-4,4.20661681164329489900,166
V-Cr-Tc-Ta-Pt,7-7-7-7-4,4.68844990375283843600,169
V-Cr-Ru-Ag-Pt,7-7-7-7-4,4.28474765884760126000,178
V-Cr-Ru-Ta-Pt,7-7-7-7-4,4.78238957007895792300,181
V-Cr-Ru-Au-Pt,7-7-7-7-4,4.04471105272057722000,186
V-Cr-Rh-Ag-Pt,7-7-7-7-4,4.23504722523846243800,189
V-Cr-Rh-Ta-Pt,7-7-7-7-4,4.72595889740907501200,192
V-Cr-Pd-Ag-Pt,7-7-7-7-4,4.21604079676655880400,199
V-Cr-Pd-Ta-Pt,7-7-7-7-4,4.67182378734472389900,202
V-Cr-Pd-Au-Pt,7-7-7-7-4,4.00023436813394722300,207
V-Cr-Ag-W-Pt,7-7-7-7-4,4.38669864476692768400,212
V-Cr-Ag-Re-Pt,7-7-7-7-4,4.21604079676655880400,213
V-Cr-Ag-Os-Pt,7-7-7-7-4,4.23504722523846243800,214
V-Cr-Ag-Ir-Pt,7-7-7-7-4,4.20661681164329489900,215
V-Cr-Ag-Au-Pt,7-7-7-7-4,4.72195669188102571200,216
V-Cr-Ta-W-Pt,7-7-7-7-4,4.79038751042126027200,233
V-Cr-Ta-Re-Pt,7-7-7-7-4,4.67182378734472389900,234
V-Cr-Ta-Os-Pt,7-7-7-7-4,4.72595889740907501200,235
V-Cr-Ta-Ir-Pt,7-7-7-7-4,4.68844990375283843600,236
V-Cr-W-Au-Pt,7-7-7-7-4,4.20066958948213397800,242
V-Cr-Re-Au-Pt,7-7-7-7-4,4.00023436813394722300,246
V-Mn-Fe-Zn-Pt,7-7-7-7-4,4.24540192443542381700,257
V-Mn-Fe-Mo-Pt,7-7-7-7-4,4.43082244058594611600,260
V-Mn-Fe-Pd-Pt,7-7-7-7-4,4.07411800270929806000,264
V-Mn-Fe-W-Pt,7-7-7-7-4,4.62868096761917692600,269
V-Mn-Fe-Re-Pt,7-7-7-7-4,4.07411800270929806000,270
V-Mn-Co-Ni-Pt,7-7-7-7-4,4.19188203555395866700,275
V-Mn-Co-Zn-Pt,7-7-7-7-4,4.62222889956782646500,277
V-Mn-Co-Mo-Pt,7-7-7-7-4,4.80439252143286061000,280
V-Mn-Co-Tc-Pt,7-7-7-7-4,4.16225599885446738400,281
V-Mn-Co-Rh-Pt,7-7-7-7-4,4.04401564042474989000,283
V-Mn-Co-Pd-Pt,7-7-7-7-4,4.45350985179105672000,284
V-Mn-Co-W-Pt,7-7-7-7-4,4.99862481088548993300,289
V-Mn-Co-Re-Pt,7-7-7-7-4,4.45350985179105672000,290
V-Mn-Co-Os-Pt,7-7-7-7-4,4.04401564042474989000,291
V-Mn-Co-Ir-Pt,7-7-7-7-4,4.16225599885446738400,292
V-Mn-Ni-Zn-Pt,7-7-7-7-4,4.62222889956782646500,296
V-Mn-Ni-Mo-Pt,7-7-7-7-4,4.80439252143286061000,299
V-Mn-Ni-Tc-Pt,7-7-7-7-4,4.16225599885446738400,300
V-Mn-Ni-Rh-Pt,7-7-7-7-4,4.04401564042474989000,302
V-Mn-Ni-Pd-Pt,7-7-7-7-4,4.45350985179105672000,303
V-Mn-Ni-W-Pt,7-7-7-7-4,4.99862481088548993300,308
V-Mn-Ni-Re-Pt,7-7-7-7-4,4.45350985179105672000,309
V-Mn-Ni-Os-Pt,7-7-7-7-4,4.04401564042474989000,310
V-Mn-Ni-Ir-Pt,7-7-7-7-4,4.16225599885446738400,311
V-Mn-Cu-Zn-Pt,7-7-7-7-4,4.08158976380527493100,314
V-Mn-Cu-Mo-Pt,7-7-7-7-4,4.26772041024245167200,317
V-Mn-Cu-W-Pt,7-7-7-7-4,4.46678715633507659500,326
V-Mn-Zn-Ag-Pt,7-7-7-7-4,4.77545809320948810600,339
V-Mn-Zn-W-Pt,7-7-7-7-4,4.07381117628198374000,343
V-Mn-Zn-Au-Pt,7-7-7-7-4,4.58148447558212293400,347
V-Mn-Mo-Ag-Pt,7-7-7-7-4,4.83567472024328782800,384
V-Mn-Mo-W-Pt,7-7-7-7-4,4.17275388682342491200,388
V-Mn-Mo-Au-Pt,7-7-7-7-4,4.65083997789646596200,392
V-Mn-Tc-Ag-Pt,7-7-7-7-4,4.70614624719631933300,397
V-Mn-Tc-Au-Pt,7-7-7-7-4,4.48991926430754431600,405
V-Mn-Ru-Ag-Pt,7-7-7-7-4,4.75732987084141559600,409
V-Mn-Ru-Au-Pt,7-7-7-7-4,4.53083187726051031400,417
V-Mn-Rh-Ag-Pt,7-7-7-7-4,4.72192360166913331600,420
V-Mn-Rh-Au-Pt,7-7-7-7-4,4.50000000000000000000,428
V-Mn-Pd-Ag-Pt,7-7-7-7-4,4.73273176928505002700,430
V-Mn-Pd-Au-Pt,7-7-7-7-4,4.53124568965312230700,438
V-Mn-Ag-W-Pt,7-7-7-7-4,4.91331100175838655400,443
V-Mn-Ag-Re-Pt,7-7-7-7-4,4.73273176928505002700,444
V-Mn-Ag-Os-Pt,7-7-7-7-4,4.72192360166913331600,445
V-Mn-Ag-Ir-Pt,7-7-7-7-4,4.70614624719631933300,446
V-Mn-W-Au-Pt,7-7-7-7-4,4.73787927241714338700,473
V-Mn-Re-Au-Pt,7-7-7-7-4,4.53124568965312230700,477
V-Mn-Os-Au-Pt,7-7-7-7-4,4.50000000000000000000,480
V-Mn-Ir-Au-Pt,7-7-7-7-4,4.48991926430754431600,482
V-Fe-Co-Ni-Pt,7-7-7-7-4,4.09752211708490964600,485
V-Fe-Co-Zn-Pt,7-7-7-7-4,4.45424656928643769400,487
V-Fe-Co-Mo-Pt,7-7-7-7-4,4.63744946064105371300,490
V-Fe-Co-Pd-Pt,7-7-7-7-4,4.28478412525065257800,494
V-Fe-Co-W-Pt,7-7-7-7-4,4.83182807020282955700,499
V-Fe-Co-Re-Pt,7-7-7-7-4,4.28478412525065257800,500
V-Fe-Ni-Zn-Pt,7-7-7-7-4,4.45424656928643769400,506
V-Fe-Ni-Mo-Pt,7-7-7-7-4,4.63744946064105371300,509
V-Fe-Ni-Pd-Pt,7-7-7-7-4,4.28478412525065257800,513
V-Fe-Ni-W-Pt,7-7-7-7-4,4.83182807020282955700,518
V-Fe-Ni-Re-Pt,7-7-7-7-4,4.28478412525065257800,519
V-Fe-Cu-Mo-Pt,7-7-7-7-4,4.06286536818536481500,527
V-Fe-Cu-W-Pt,7-7-7-7-4,4.26442405255387330500,536
V-Fe-Cu-Au-Pt,7-7-7-7-4,4.93045383306648557400,540
V-Fe-Zn-Nb-Pt,7-7-7-7-4,4.93770569191805922400,543
V-Fe-Zn-Ag-Pt,7-7-7-7-4,4.51057784546503531400,549
V-Fe-Zn-Ta-Pt,7-7-7-7-4,4.93770569191805922400,552
V-Fe-Zn-Au-Pt,7-7-7-7-4,4.31081488816209782700,557
V-Fe-Nb-Mo-Pt,7-7-7-7-4,4.98011671549974820400,575
V-Fe-Nb-Tc-Pt,7-7-7-7-4,4.92030232810952379900,576
V-Fe-Nb-Rh-Pt,7-7-7-7-4,4.95138869409380947600,578
V-Fe-Nb-Pd-Pt,7-7-7-7-4,4.91331100175838655400,579
V-Fe-Nb-Re-Pt,7-7-7-7-4,4.91331100175838655400,585
V-Fe-Nb-Os-Pt,7-7-7-7-4,4.95138869409380947600,586
V-Fe-Nb-Ir-Pt,7-7-7-7-4,4.92030232810952379900,587
V-Fe-Mo-Ag-Pt,7-7-7-7-4,4.56936127921616633400,594
V-Fe-Mo-Ta-Pt,7-7-7-7-4,4.98011671549974820400,597
V-Fe-Mo-Au-Pt,7-7-7-7-4,4.37892680916226321800,602
V-Fe-Tc-Ag-Pt,7-7-7-7-4,4.45235190657701718900,607
V-Fe-Tc-Ta-Pt,7-7-7-7-4,4.92030232810952379900,610
V-Fe-Tc-Au-Pt,7-7-7-7-4,4.22899219672961799100,615
V-Fe-Ru-Ag-Pt,7-7-7-7-4,4.51639374944213649400,619
V-Fe-Ru-Au-Pt,7-7-7-7-4,4.28306986868064061000,627
V-Fe-Rh-Ag-Pt,7-7-7-7-4,4.47381269165350730100,630
V-Fe-Rh-Ta-Pt,7-7-7-7-4,4.95138869409380947600,633
V-Fe-Rh-Au-Pt,7-7-7-7-4,4.24551233657376150600,638
V-Fe-Pd-Ag-Pt,7-7-7-7-4,4.47098283378498334300,640
V-Fe-Pd-Ta-Pt,7-7-7-7-4,4.91331100175838655400,643
V-Fe-Pd-Au-Pt,7-7-7-7-4,4.26215174530424244900,648
V-Fe-Ag-W-Pt,7-7-7-7-4,4.64694119825073749500,653
V-Fe-Ag-Re-Pt,7-7-7-7-4,4.47098283378498334300,654
V-Fe-Ag-Os-Pt,7-7-7-7-4,4.47381269165350730100,655
V-Fe-Ag-Ir-Pt,7-7-7-7-4,4.45235190657701718900,656
V-Fe-Ag-Au-Pt,7-7-7-7-4,4.97848496030669957000,657
V-Fe-Ta-Re-Pt,7-7-7-7-4,4.91331100175838655400,675
V-Fe-Ta-Os-Pt,7-7-7-7-4,4.95138869409380947600,676
V-Fe-Ta-Ir-Pt,7-7-7-7-4,4.92030232810952379900,677
V-Fe-W-Au-Pt,7-7-7-7-4,4.46622743487162776100,683
V-Fe-Re-Au-Pt,7-7-7-7-4,4.26215174530424244900,687
V-Fe-Os-Au-Pt,7-7-7-7-4,4.24551233657376150600,690
V-Fe-Ir-Au-Pt,7-7-7-7-4,4.22899219672961799100,692
V-Co-Ni-Cu-Pt,7-7-7-7-4,4.02697932698939987900,695
V-Co-Ni-Zn-Pt,7-7-7-7-4,4.80598585099873135200,696
V-Co-Ni-Mo-Pt,7-7-7-7-4,4.98670106382967375800,699
V-Co-Ni-Tc-Pt,7-7-7-7-4,4.34619086097239866700,700
V-Co-Ni-Ru-Pt,7-7-7-7-4,4.12776422534039606200,701
V-Co-Ni-Rh-Pt,7-7-7-7-4,4.22766188335822333800,702
V-Co-Ni-Pd-Pt,7-7-7-7-4,4.63768530627079094300,703
V-Co-Ni-Re-Pt,7-7-7-7-4,4.63768530627079094300,709
V-Co-Ni-Os-Pt,7-7-7-7-4,4.22766188335822333800,710
V-Co-Ni-Ir-Pt,7-7-7-7-4,4.34619086097239866700,711
V-Co-Cu-Zn-Pt,7-7-7-7-4,4.30374110513167369300,714
V-Co-Cu-Mo-Pt,7-7-7-7-4,4.48650755042271159200,717
V-Co-Cu-Pd-Pt,7-7-7-7-4,4.13487454465065965100,721
V-Co-Cu-W-Pt,7-7-7-7-4,4.68177984317930097100,726
V-Co-Cu-Re-Pt,7-7-7-7-4,4.13487454465065965100,727
V-Co-Zn-Mo-Pt,7-7-7-7-4,4.23072836518725224500,734
V-Co-Zn-Pd-Pt,7-7-7-7-4,4.01473847217972593000,738
V-Co-Zn-W-Pt,7-7-7-7-4,4.36552545520009538200,743
V-Co-Zn-Re-Pt,7-7-7-7-4,4.01473847217972593000,744
V-Co-Zn-Au-Pt,7-7-7-7-4,4.85788662897766686800,747
V-Co-Mo-Tc-Pt,7-7-7-7-4,4.02864741569673729100,780
V-Co-Mo-Ru-Pt,7-7-7-7-4,4.00562105047394616800,781
V-Co-Mo-Rh-Pt,7-7-7-7-4,4.00550402571261935300,782
V-Co-Mo-Pd-Pt,7-7-7-7-4,4.14234987657971740200,783
V-Co-Mo-W-Pt,7-7-7-7-4,4.46353279365123517800,788
V-Co-Mo-Re-Pt,7-7-7-7-4,4.14234987657971740200,789
V-Co-Mo-Os-Pt,7-7-7-7-4,4.00550402571261935300,790
V-Co-Mo-Ir-Pt,7-7-7-7-4,4.02864741569673729100,791
V-Co-Mo-Au-Pt,7-7-7-7-4,4.92791791733588030100,792
V-Co-Tc-Ag-Pt,7-7-7-7-4,4.96711057859597081800,797
V-Co-Tc-W-Pt,7-7-7-7-4,4.19095007128455301500,801
V-Co-Tc-Au-Pt,7-7-7-7-4,4.75732987084141559600,805
V-Co-Ru-W-Pt,7-7-7-7-4,4.18288925265778462700,813
V-Co-Ru-Au-Pt,7-7-7-7-4,4.78666768221901947400,817
V-Co-Rh-Ag-Pt,7-7-7-7-4,4.97754331975122040700,820
V-Co-Rh-W-Pt,7-7-7-7-4,4.17556133950873723700,824
V-Co-Rh-Au-Pt,7-7-7-7-4,4.76245078714730657500,828
V-Co-Pd-W-Pt,7-7-7-7-4,4.28697154177631554700,834
V-Co-Pd-Au-Pt,7-7-7-7-4,4.80549815315748508700,838
V-Co-Ag-Os-Pt,7-7-7-7-4,4.97754331975122040700,845
V-Co-Ag-Ir-Pt,7-7-7-7-4,4.96711057859597081800,846
V-Co-W-Re-Pt,7-7-7-7-4,4.28697154177631554700,870
V-Co-W-Os-Pt,7-7-7-7-4,4.17556133950873723700,871
V-Co-W-Ir-Pt,7-7-7-7-4,4.19095007128455301500,872
V-Co-Re-Au-Pt,7-7-7-7-4,4.80549815315748508700,877
V-Co-Os-Au-Pt,7-7-7-7-4,4.76245078714730657500,880
V-Co-Ir-Au-Pt,7-7-7-7-4,4.75732987084141559600,882
V-Ni-Cu-Zn-Pt,7-7-7-7-4,4.30374110513167369300,885
V-Ni-Cu-Mo-Pt,7-7-7-7-4,4.48650755042271159200,888
V-Ni-Cu-Pd-Pt,7-7-7-7-4,4.13487454465065965100,892
V-Ni-Cu-W-Pt,7-7-7-7-4,4.68177984317930097100,897
V-Ni-Cu-Re-Pt,7-7-7-7-4,4.13487454465065965100,898
V-Ni-Zn-Mo-Pt,7-7-7-7-4,4.23072836518725224500,905
V-Ni-Zn-Pd-Pt,7-7-7-7-4,4.01473847217972593000,909
V-Ni-Zn-W-Pt,7-7-7-7-4,4.36552545520009538200,914
V-Ni-Zn-Re-Pt,7-7-7-7-4,4.01473847217972593000,915
V-Ni-Zn-Au-Pt,7-7-7-7-4,4.85788662897766686800,918
V-Ni-Mo-Tc-Pt,7-7-7-7-4,4.02864741569673729100,951
V-Ni-Mo-Ru-Pt,7-7-7-7-4,4.00562105047394616800,952
V-Ni-Mo-Rh-Pt,7-7-7-7-4,4.00550402571261935300,953
V-Ni-Mo-Pd-Pt,7-7-7-7-4,4.14234987657971740200,954
V-Ni-Mo-W-Pt,7-7-7-7-4,4.46353279365123517800,959
V-Ni-Mo-Re-Pt,7-7-7-7-4,4.14234987657971740200,960
V-Ni-Mo-Os-Pt,7-7-7-7-4,4.00550402571261935300,961
V-Ni-Mo-Ir-Pt,7-7-7-7-4,4.02864741569673729100,962
V-Ni-Mo-Au-Pt,7-7-7-7-4,4.92791791733588030100,963
V-Ni-Tc-Ag-Pt,7-7-7-7-4,4.96711057859597081800,968
V-Ni-Tc-W-Pt,7-7-7-7-4,4.19095007128455301500,972
V-Ni-Tc-Au-Pt,7-7-7-7-4,4.75732987084141559600,976
V-Ni-Ru-W-Pt,7-7-7-7-4,4.18288925265778462700,984
V-Ni-Ru-Au-Pt,7-7-7-7-4,4.78666768221901947400,988
V-Ni-Rh-Ag-Pt,7-7-7-7-4,4.97754331975122040700,991
V-Ni-Rh-W-Pt,7-7-7-7-4,4.17556133950873723700,995
V-Ni-Rh-Au-Pt,7-7-7-7-4,4.76245078714730657500,999
V-Ni-Pd-W-Pt,7-7-7-7-4,4.28697154177631554700,1005
V-Ni-Pd-Au-Pt,7-7-7-7-4,4.80549815315748508700,1009
V-Ni-Ag-Os-Pt,7-7-7-7-4,4.97754331975122040700,1016
V-Ni-Ag-Ir-Pt,7-7-7-7-4,4.96711057859597081800,1017
V-Ni-W-Re-Pt,7-7-7-7-4,4.28697154177631554700,1041
V-Ni-W-Os-Pt,7-7-7-7-4,4.17556133950873723700,1042
V-Ni-W-Ir-Pt,7-7-7-7-4,4.19095007128455301500,1043
V-Ni-Re-Au-Pt,7-7-7-7-4,4.80549815315748508700,1048
V-Ni-Os-Au-Pt,7-7-7-7-4,4.76245078714730657500,1051
V-Ni-Ir-Au-Pt,7-7-7-7-4,4.75732987084141559600,1053
V-Cu-Zn-Nb-Pt,7-7-7-7-4,4.69291354064828260100,1057
V-Cu-Zn-Ag-Pt,7-7-7-7-4,4.25246252188070435900,1063
V-Cu-Zn-Ta-Pt,7-7-7-7-4,4.69291354064828260100,1066
V-Cu-Zn-Au-Pt,7-7-7-7-4,4.04606290114229440100,1071
V-Cu-Nb-Mo-Pt,7-7-7-7-4,4.73226954008327805400,1089
V-Cu-Nb-Tc-Pt,7-7-7-7-4,4.68844990375283843600,1090
V-Cu-Nb-Ru-Pt,7-7-7-7-4,4.78238957007895792300,1091
V-Cu-Nb-Rh-Pt,7-7-7-7-4,4.72595889740907501200,1092
V-Cu-Nb-Pd-Pt,7-7-7-7-4,4.67182378734472389900,1093
V-Cu-Nb-W-Pt,7-7-7-7-4,4.79038751042126027200,1098
V-Cu-Nb-Re-Pt,7-7-7-7-4,4.67182378734472389900,1099
V-Cu-Nb-Os-Pt,7-7-7-7-4,4.72595889740907501200,1100
V-Cu-Nb-Ir-Pt,7-7-7-7-4,4.68844990375283843600,1101
V-Cu-Mo-Ag-Pt,7-7-7-7-4,4.30990864172316302200,1108
V-Cu-Mo-Ta-Pt,7-7-7-7-4,4.73226954008327805400,1111
V-Cu-Mo-Au-Pt,7-7-7-7-4,4.11335477439036371700,1116
V-Cu-Tc-Ag-Pt,7-7-7-7-4,4.20661681164329489900,1121
V-Cu-Tc-Ta-Pt,7-7-7-7-4,4.68844990375283843600,1124
V-Cu-Ru-Ag-Pt,7-7-7-7-4,4.28474765884760126000,1133
V-Cu-Ru-Ta-Pt,7-7-7-7-4,4.78238957007895792300,1136
V-Cu-Ru-Au-Pt,7-7-7-7-4,4.04471105272057722000,1141
V-Cu-Rh-Ag-Pt,7-7-7-7-4,4.23504722523846243800,1144
V-Cu-Rh-Ta-Pt,7-7-7-7-4,4.72595889740907501200,1147
V-Cu-Pd-Ag-Pt,7-7-7-7-4,4.21604079676655880400,1154
V-Cu-Pd-Ta-Pt,7-7-7-7-4,4.67182378734472389900,1157
V-Cu-Pd-Au-Pt,7-7-7-7-4,4.00023436813394722300,1162
V-Cu-Ag-W-Pt,7-7-7-7-4,4.38669864476692768400,1167
V-Cu-Ag-Re-Pt,7-7-7-7-4,4.21604079676655880400,1168
V-Cu-Ag-Os-Pt,7-7-7-7-4,4.23504722523846243800,1169
V-Cu-Ag-Ir-Pt,7-7-7-7-4,4.20661681164329489900,1170
V-Cu-Ag-Au-Pt,7-7-7-7-4,4.72195669188102571200,1171
V-Cu-Ta-W-Pt,7-7-7-7-4,4.79038751042126027200,1188
V-Cu-Ta-Re-Pt,7-7-7-7-4,4.67182378734472389900,1189
V-Cu-Ta-Os-Pt,7-7-7-7-4,4.72595889740907501200,1190
V-Cu-Ta-Ir-Pt,7-7-7-7-4,4.68844990375283843600,1191
V-Cu-W-Au-Pt,7-7-7-7-4,4.20066958948213397800,1197
V-Cu-Re-Au-Pt,7-7-7-7-4,4.00023436813394722300,1201
V-Nb-Ru-Ta-Pt,7-7-7-7-4,4.18654839933805136400,1497
V-Nb-Rh-Ta-Pt,7-7-7-7-4,4.01411571831206679700,1508
V-Nb-Ta-Os-Pt,7-7-7-7-4,4.01411571831206679700,1551
Cr-Mn-Fe-Zn-Pt,7-7-7-7-4,4.37514285481057178200,2028
Cr-Mn-Fe-Mo-Pt,7-7-7-7-4,4.60166410117035813100,2031
Cr-Mn-Fe-Pd-Pt,7-7-7-7-4,4.15865062249763895600,2035
Cr-Mn-Fe-W-Pt,7-7-7-7-4,4.83635322324579597000,2040
Cr-Mn-Fe-Re-Pt,7-7-7-7-4,4.15865062249763895600,2041
Cr-Mn-Co-Zn-Pt,7-7-7-7-4,4.66710563411628813700,2048
Cr-Mn-Co-Mo-Pt,7-7-7-7-4,4.89195768583498686000,2051
Cr-Mn-Co-Tc-Pt,7-7-7-7-4,4.05755468231791054900,2052
Cr-Mn-Co-Pd-Pt,7-7-7-7-4,4.45252737217863715100,2055
Cr-Mn-Co-Re-Pt,7-7-7-7-4,4.45252737217863715100,2061
Cr-Mn-Co-Ir-Pt,7-7-7-7-4,4.05755468231791054900,2063
Cr-Mn-Ni-Zn-Pt,7-7-7-7-4,4.66710563411628813700,2067
Cr-Mn-Ni-Mo-Pt,7-7-7-7-4,4.89195768583498686000,2070
Cr-Mn-Ni-Tc-Pt,7-7-7-7-4,4.05755468231791054900,2071
Cr-Mn-Ni-Pd-Pt,7-7-7-7-4,4.45252737217863715100,2074
Cr-Mn-Ni-Re-Pt,7-7-7-7-4,4.45252737217863715100,2080
Cr-Mn-Ni-Ir-Pt,7-7-7-7-4,4.05755468231791054900,2082
Cr-Mn-Cu-Zn-Pt,7-7-7-7-4,4.25822733070934107400,2085
Cr-Mn-Cu-Mo-Pt,7-7-7-7-4,4.48406902266234077600,2088
Cr-Mn-Cu-Pd-Pt,7-7-7-7-4,4.04277905654019138800,2092
Cr-Mn-Cu-W-Pt,7-7-7-7-4,4.71834849285213353200,2097
Cr-Mn-Cu-Re-Pt,7-7-7-7-4,4.04277905654019138800,2098
Cr-Mn-Zn-Mo-Pt,7-7-7-7-4,4.62172181118682217900,2105
Cr-Mn-Zn-Tc-Pt,7-7-7-7-4,4.15026354584862477900,2106
Cr-Mn-Zn-Ru-Pt,7-7-7-7-4,4.03511926713449202300,2107
Cr-Mn-Zn-Rh-Pt,7-7-7-7-4,4.08158976380527493100,2108
Cr-Mn-Zn-Pd-Pt,7-7-7-7-4,4.35000000000000000000,2109
Cr-Mn-Zn-W-Pt,7-7-7-7-4,4.78020004811514138300,2114
Cr-Mn-Zn-Re-Pt,7-7-7-7-4,4.35000000000000000000,2115
Cr-Mn-Zn-Os-Pt,7-7-7-7-4,4.08158976380527493100,2116
Cr-Mn-Zn-Ir-Pt,7-7-7-7-4,4.15026354584862477900,2117
Cr-Mn-Mo-Tc-Pt,7-7-7-7-4,4.32673375654199457600,2151
Cr-Mn-Mo-Ru-Pt,7-7-7-7-4,4.23080222889229366000,2152
Cr-Mn-Mo-Rh-Pt,7-7-7-7-4,4.26772041024245167200,2153
Cr-Mn-Mo-Pd-Pt,7-7-7-7-4,4.50482380343560163000,2154
Cr-Mn-Mo-W-Pt,7-7-7-7-4,4.90255035670211142800,2159
Cr-Mn-Mo-Re-Pt,7-7-7-7-4,4.50482380343560163000,2160
Cr-Mn-Mo-Os-Pt,7-7-7-7-4,4.26772041024245167200,2161
Cr-Mn-Mo-Ir-Pt,7-7-7-7-4,4.32673375654199457600,2162
Cr-Mn-Tc-W-Pt,7-7-7-7-4,4.51604777432657370600,2172
Cr-Mn-Ru-W-Pt,7-7-7-7-4,4.43783449443532087200,2184
Cr-Mn-Rh-W-Pt,7-7-7-7-4,4.46678715633507659500,2195
Cr-Mn-Pd-W-Pt,7-7-7-7-4,4.67419779213503116300,2205
Cr-Mn-Pd-Re-Pt,7-7-7-7-4,4.21144274566329584800,2206
Cr-Mn-W-Re-Pt,7-7-7-7-4,4.67419779213503116300,2241
Cr-Mn-W-Os-Pt,7-7-7-7-4,4.46678715633507659500,2242
Cr-Mn-W-Ir-Pt,7-7-7-7-4,4.51604777432657370600,2243
Cr-Fe-Co-Zn-Pt,7-7-7-7-4,4.54013353327850919900,2258
Cr-Fe-Co-Mo-Pt,7-7-7-7-4,4.76500918152315840800,2261
Cr-Fe-Co-Pd-Pt,7-7-7-7-4,4.32532513228774514000,2265
Cr-Fe-Co-W-Pt,7-7-7-7-4,4.99771822935227111600,2270
Cr-Fe-Co-Re-Pt,7-7-7-7-4,4.32532513228774514000,2271
Cr-Fe-Ni-Zn-Pt,7-7-7-7-4,4.54013353327850919900,2277
Cr-Fe-Ni-Mo-Pt,7-7-7-7-4,4.76500918152315840800,2280
Cr-Fe-Ni-Pd-Pt,7-7-7-7-4,4.32532513228774514000,2284
Cr-Fe-Ni-W-Pt,7-7-7-7-4,4.99771822935227111600,2289
Cr-Fe-Ni-Re-Pt,7-7-7-7-4,4.32532513228774514000,2290
Cr-Fe-Cu-Zn-Pt,7-7-7-7-4,4.10110503401217462600,2295
Cr-Fe-Cu-Mo-Pt,7-7-7-7-4,4.32857511197391606400,2298
Cr-Fe-Cu-W-Pt,7-7-7-7-4,4.56460567847870074900,2307
Cr-Fe-Zn-Mo-Pt,7-7-7-7-4,4.41032170028445884100,2315
Cr-Fe-Zn-Pd-Pt,7-7-7-7-4,4.13702791868752077400,2319
Cr-Fe-Zn-W-Pt,7-7-7-7-4,4.57025026667030566000,2324
Cr-Fe-Zn-Re-Pt,7-7-7-7-4,4.13702791868752077400,2325
Cr-Fe-Mo-Tc-Pt,7-7-7-7-4,4.11802440497867860800,2361
Cr-Fe-Mo-Ru-Pt,7-7-7-7-4,4.02965569248788301400,2362
Cr-Fe-Mo-Rh-Pt,7-7-7-7-4,4.06286536818536481500,2363
Cr-Fe-Mo-Pd-Pt,7-7-7-7-4,4.29341792747922456400,2364
Cr-Fe-Mo-W-Pt,7-7-7-7-4,4.69281365494092467000,2369
Cr-Fe-Mo-Re-Pt,7-7-7-7-4,4.29341792747922456400,2370
Cr-Fe-Mo-Os-Pt,7-7-7-7-4,4.06286536818536481500,2371
Cr-Fe-Mo-Ir-Pt,7-7-7-7-4,4.11802440497867860800,2372
Cr-Fe-Tc-W-Pt,7-7-7-7-4,4.31077864196249353100,2382
Cr-Fe-Tc-Au-Pt,7-7-7-7-4,4.95160958679094569800,2386
Cr-Fe-Ru-W-Pt,7-7-7-7-4,4.24068832856176781300,2394
Cr-Fe-Ru-Au-Pt,7-7-7-7-4,4.92798133113346930000,2398
Cr-Fe-Rh-W-Pt,7-7-7-7-4,4.26442405255387330500,2405
Cr-Fe-Rh-Au-Pt,7-7-7-7-4,4.93045383306648557400,2409
Cr-Fe-Pd-W-Pt,7-7-7-7-4,4.46503779379301558800,2415
Cr-Fe-W-Re-Pt,7-7-7-7-4,4.46503779379301558800,2451
Cr-Fe-W-Os-Pt,7-7-7-7-4,4.26442405255387330500,2452
Cr-Fe-W-Ir-Pt,7-7-7-7-4,4.31077864196249353100,2453
Cr-Fe-Os-Au-Pt,7-7-7-7-4,4.93045383306648557400,2461
Cr-Fe-Ir-Au-Pt,7-7-7-7-4,4.95160958679094569800,2463
Cr-Co-Ni-Zn-Pt,7-7-7-7-4,4.81303568447191133000,2467
Cr-Co-Ni-Tc-Pt,7-7-7-7-4,4.20293796052237725600,2471
Cr-Co-Ni-Rh-Pt,7-7-7-7-4,4.02697932698939987900,2473
Cr-Co-Ni-Pd-Pt,7-7-7-7-4,4.59789353943738023100,2474
Cr-Co-Ni-Re-Pt,7-7-7-7-4,4.59789353943738023100,2480
Cr-Co-Ni-Os-Pt,7-7-7-7-4,4.02697932698939987900,2481
Cr-Co-Ni-Ir-Pt,7-7-7-7-4,4.20293796052237725600,2482
Cr-Co-Cu-Zn-Pt,7-7-7-7-4,4.43325501183949489200,2485
Cr-Co-Cu-Mo-Pt,7-7-7-7-4,4.65648069898287026000,2488
Cr-Co-Cu-Pd-Pt,7-7-7-7-4,4.21948604690192096800,2492
Cr-Co-Cu-W-Pt,7-7-7-7-4,4.88853889214354108300,2497
Cr-Co-Cu-Re-Pt,7-7-7-7-4,4.21948604690192096800,2498
Cr-Co-Zn-Mo-Pt,7-7-7-7-4,4.84477811669430326600,2505
Cr-Co-Zn-Tc-Pt,7-7-7-7-4,4.37467855962012367800,2506
Cr-Co-Zn-Ru-Pt,7-7-7-7-4,4.25378507919711430200,2507
Cr-Co-Zn-Rh-Pt,7-7-7-7-4,4.30374110513167369300,2508
Cr-Co-Zn-Pd-Pt,7-7-7-7-4,4.57588789198336894700,2509
Cr-Co-Zn-Re-Pt,7-7-7-7-4,4.57588789198336894700,2515
Cr-Co-Zn-Os-Pt,7-7-7-7-4,4.30374110513167369300,2516
Cr-Co-Zn-Ir-Pt,7-7-7-7-4,4.37467855962012367800,2517
Cr-Co-Mo-Tc-Pt,7-7-7-7-4,4.54787038073865953000,2551
Cr-Co-Mo-Ru-Pt,7-7-7-7-4,4.44574937440247524300,2552
Cr-Co-Mo-Rh-Pt,7-7-7-7-4,4.48650755042271159200,2553
Cr-Co-Mo-Pd-Pt,7-7-7-7-4,4.72807439662279425900,2554
Cr-Co-Mo-Re-Pt,7-7-7-7-4,4.72807439662279425900,2560
Cr-Co-Mo-Os-Pt,7-7-7-7-4,4.48650755042271159200,2561
Cr-Co-Mo-Ir-Pt,7-7-7-7-4,4.54787038073865953000,2562
Cr-Co-Tc-Pd-Pt,7-7-7-7-4,4.21618903750768746200,2567
Cr-Co-Tc-W-Pt,7-7-7-7-4,4.73448122818118268200,2572
Cr-Co-Tc-Re-Pt,7-7-7-7-4,4.21618903750768746200,2573
Cr-Co-Ru-Pd-Pt,7-7-7-7-4,4.07546009672527648900,2579
Cr-Co-Ru-W-Pt,7-7-7-7-4,4.64909265341098574200,2584
Cr-Co-Ru-Re-Pt,7-7-7-7-4,4.07546009672527648900,2585
Cr-Co-Rh-Pd-Pt,7-7-7-7-4,4.13487454465065965100,2590
Cr-Co-Rh-W-Pt,7-7-7-7-4,4.68177984317930097100,2595
Cr-Co-Rh-Re-Pt,7-7-7-7-4,4.13487454465065965100,2596
Cr-Co-Pd-W-Pt,7-7-7-7-4,4.89508682251908582000,2605
Cr-Co-Pd-Re-Pt,7-7-7-7-4,4.43783449443532087200,2606
Cr-Co-Pd-Os-Pt,7-7-7-7-4,4.13487454465065965100,2607
Cr-Co-Pd-Ir-Pt,7-7-7-7-4,4.21618903750768746200,2608
Cr-Co-W-Re-Pt,7-7-7-7-4,4.89508682251908582000,2641
Cr-Co-W-Os-Pt,7-7-7-7-4,4.68177984317930097100,2642
Cr-Co-W-Ir-Pt,7-7-7-7-4,4.73448122818118268200,2643
Cr-Co-Re-Os-Pt,7-7-7-7-4,4.13487454465065965100,2646
Cr-Co-Re-Ir-Pt,7-7-7-7-4,4.21618903750768746200,2647
Cr-Ni-Cu-Zn-Pt,7-7-7-7-4,4.43325501183949489200,2656
Cr-Ni-Cu-Mo-Pt,7-7-7-7-4,4.65648069898287026000,2659
Cr-Ni-Cu-Pd-Pt,7-7-7-7-4,4.21948604690192096800,2663
Cr-Ni-Cu-W-Pt,7-7-7-7-4,4.88853889214354108300,2668
Cr-Ni-Cu-Re-Pt,7-7-7-7-4,4.21948604690192096800,2669
Cr-Ni-Zn-Mo-Pt,7-7-7-7-4,4.84477811669430326600,2676
Cr-Ni-Zn-Tc-Pt,7-7-7-7-4,4.37467855962012367800,2677
Cr-Ni-Zn-Ru-Pt,7-7-7-7-4,4.25378507919711430200,2678
Cr-Ni-Zn-Rh-Pt,7-7-7-7-4,4.30374110513167369300,2679
Cr-Ni-Zn-Pd-Pt,7-7-7-7-4,4.57588789198336894700,2680
Cr-Ni-Zn-Re-Pt,7-7-7-7-4,4.57588789198336894700,2686
Cr-Ni-Zn-Os-Pt,7-7-7-7-4,4.30374110513167369300,2687
Cr-Ni-Zn-Ir-Pt,7-7-7-7-4,4.37467855962012367800,2688
Cr-Ni-Mo-Tc-Pt,7-7-7-7-4,4.54787038073865953000,2722
Cr-Ni-Mo-Ru-Pt,7-7-7-7-4,4.44574937440247524300,2723
Cr-Ni-Mo-Rh-Pt,7-7-7-7-4,4.48650755042271159200,2724
Cr-Ni-Mo-Pd-Pt,7-7-7-7-4,4.72807439662279425900,2725
Cr-Ni-Mo-Re-Pt,7-7-7-7-4,4.72807439662279425900,2731
Cr-Ni-Mo-Os-Pt,7-7-7-7-4,4.48650755042271159200,2732
Cr-Ni-Mo-Ir-Pt,7-7-7-7-4,4.54787038073865953000,2733
Cr-Ni-Tc-Pd-Pt,7-7-7-7-4,4.21618903750768746200,2738
Cr-Ni-Tc-W-Pt,7-7-7-7-4,4.73448122818118268200,2743
Cr-Ni-Tc-Re-Pt,7-7-7-7-4,4.21618903750768746200,2744
Cr-Ni-Ru-Pd-Pt,7-7-7-7-4,4.07546009672527648900,2750
Cr-Ni-Ru-W-Pt,7-7-7-7-4,4.64909265341098574200,2755
Cr-Ni-Ru-Re-Pt,7-7-7-7-4,4.07546009672527648900,2756
Cr-Ni-Rh-Pd-Pt,7-7-7-7-4,4.13487454465065965100,2761
Cr-Ni-Rh-W-Pt,7-7-7-7-4,4.68177984317930097100,2766
Cr-Ni-Rh-Re-Pt,7-7-7-7-4,4.13487454465065965100,2767
Cr-Ni-Pd-W-Pt,7-7-7-7-4,4.89508682251908582000,2776
Cr-Ni-Pd-Re-Pt,7-7-7-7-4,4.43783449443532087200,2777
Cr-Ni-Pd-Os-Pt,7-7-7-7-4,4.13487454465065965100,2778
Cr-Ni-Pd-Ir-Pt,7-7-7-7-4,4.21618903750768746200,2779
Cr-Ni-W-Re-Pt,7-7-7-7-4,4.89508682251908582000,2812
Cr-Ni-W-Os-Pt,7-7-7-7-4,4.68177984317930097100,2813
Cr-Ni-W-Ir-Pt,7-7-7-7-4,4.73448122818118268200,2814
Cr-Ni-Re-Os-Pt,7-7-7-7-4,4.13487454465065965100,2817
Cr-Ni-Re-Ir-Pt,7-7-7-7-4,4.21618903750768746200,2818
Cr-Cu-Zn-Mo-Pt,7-7-7-7-4,4.21181374232052194100,2829
Cr-Cu-Zn-W-Pt,7-7-7-7-4,4.37335683428645003500,2838
Cr-Cu-Zn-Au-Pt,7-7-7-7-4,4.93501519754498831000,2842
Cr-Cu-Mo-Pd-Pt,7-7-7-7-4,4.09607281429419904300,2878
Cr-Cu-Mo-W-Pt,7-7-7-7-4,4.49541433018136827600,2883
Cr-Cu-Mo-Re-Pt,7-7-7-7-4,4.09607281429419904300,2884
Cr-Cu-Tc-W-Pt,7-7-7-7-4,4.11973148396834232300,2896
Cr-Cu-Tc-Au-Pt,7-7-7-7-4,4.76933564555903320400,2900
Cr-Cu-Ru-W-Pt,7-7-7-7-4,4.05809376431841456200,2908
Cr-Cu-Ru-Au-Pt,7-7-7-7-4,4.75473448259731954500,2912
Cr-Cu-Rh-Ag-Pt,7-7-7-7-4,4.99186838768812092900,2915
Cr-Cu-Rh-W-Pt,7-7-7-7-4,4.07764484721266523300,2919
Cr-Cu-Rh-Au-Pt,7-7-7-7-4,4.75187463008021708800,2923
Cr-Cu-Pd-W-Pt,7-7-7-7-4,4.26856240436988340300,2929
Cr-Cu-Pd-Au-Pt,7-7-7-7-4,4.86148768382683450300,2933
Cr-Cu-Ag-Os-Pt,7-7-7-7-4,4.99186838768812092900,2940
Cr-Cu-W-Re-Pt,7-7-7-7-4,4.26856240436988340300,2965
Cr-Cu-W-Os-Pt,7-7-7-7-4,4.07764484721266523300,2966
Cr-Cu-W-Ir-Pt,7-7-7-7-4,4.11973148396834232300,2967
Cr-Cu-Re-Au-Pt,7-7-7-7-4,4.86148768382683450300,2972
Cr-Cu-Os-Au-Pt,7-7-7-7-4,4.75187463008021708800,2975
Cr-Cu-Ir-Au-Pt,7-7-7-7-4,4.76933564555903320400,2977
Cr-Zn-Nb-Mo-Pt,7-7-7-7-4,4.59190864456164894200,2996
Cr-Zn-Nb-Tc-Pt,7-7-7-7-4,4.63370801842325839900,2997
Cr-Zn-Nb-Ru-Pt,7-7-7-7-4,4.77028563086111228300,2998
Cr-Zn-Nb-Rh-Pt,7-7-7-7-4,4.69291354064828260100,2999
Cr-Zn-Nb-Pd-Pt,7-7-7-7-4,4.57394113429545570900,3000
Cr-Zn-Nb-Ag-Pt,7-7-7-7-4,4.95627758504303307900,3001
Cr-Zn-Nb-W-Pt,7-7-7-7-4,4.63009854106799761500,3005
Cr-Zn-Nb-Re-Pt,7-7-7-7-4,4.57394113429545570900,3006
Cr-Zn-Nb-Os-Pt,7-7-7-7-4,4.69291354064828260100,3007
Cr-Zn-Nb-Ir-Pt,7-7-7-7-4,4.63370801842325839900,3008
Cr-Zn-Nb-Au-Pt,7-7-7-7-4,4.85000000000000000000,3009
Cr-Zn-Mo-Ag-Pt,7-7-7-7-4,4.20854784931809941200,3015
Cr-Zn-Mo-Ta-Pt,7-7-7-7-4,4.59190864456164894200,3018
Cr-Zn-Mo-Au-Pt,7-7-7-7-4,4.03407362352250581700,3023
Cr-Zn-Tc-Ag-Pt,7-7-7-7-4,4.20066958948213397800,3028
Cr-Zn-Tc-Ta-Pt,7-7-7-7-4,4.63370801842325839900,3031
Cr-Zn-Ru-Ag-Pt,7-7-7-7-4,4.32539738058828532400,3040
Cr-Zn-Ru-Ta-Pt,7-7-7-7-4,4.77028563086111228300,3043
Cr-Zn-Ru-Au-Pt,7-7-7-7-4,4.11586108852084559700,3048
Cr-Zn-Rh-Ag-Pt,7-7-7-7-4,4.25246252188070435900,3051
Cr-Zn-Rh-Ta-Pt,7-7-7-7-4,4.69291354064828260100,3054
Cr-Zn-Rh-Au-Pt,7-7-7-7-4,4.04606290114229440100,3059
Cr-Zn-Pd-Ag-Pt,7-7-7-7-4,4.16139249530730999000,3061
Cr-Zn-Pd-Ta-Pt,7-7-7-7-4,4.57394113429545570900,3064
Cr-Zn-Ag-Ta-Pt,7-7-7-7-4,4.95627758504303307900,3073
Cr-Zn-Ag-W-Pt,7-7-7-7-4,4.26270160813538530700,3074
Cr-Zn-Ag-Re-Pt,7-7-7-7-4,4.16139249530730999000,3075
Cr-Zn-Ag-Os-Pt,7-7-7-7-4,4.25246252188070435900,3076
Cr-Zn-Ag-Ir-Pt,7-7-7-7-4,4.20066958948213397800,3077
Cr-Zn-Ag-Au-Pt,7-7-7-7-4,4.53892883839348157700,3078
Cr-Zn-Ta-W-Pt,7-7-7-7-4,4.63009854106799761500,3095
Cr-Zn-Ta-Re-Pt,7-7-7-7-4,4.57394113429545570900,3096
Cr-Zn-Ta-Os-Pt,7-7-7-7-4,4.69291354064828260100,3097
Cr-Zn-Ta-Ir-Pt,7-7-7-7-4,4.63370801842325839900,3098
Cr-Zn-Ta-Au-Pt,7-7-7-7-4,4.85000000000000000000,3099
Cr-Zn-W-Au-Pt,7-7-7-7-4,4.09820845004253047400,3104
Cr-Zn-Os-Au-Pt,7-7-7-7-4,4.04606290114229440100,3111
Cr-Nb-Mo-Tc-Pt,7-7-7-7-4,4.66874581659785800700,3236
Cr-Nb-Mo-Ru-Pt,7-7-7-7-4,4.81462615371121000600,3237
Cr-Nb-Mo-Rh-Pt,7-7-7-7-4,4.73226954008327805400,3238
Cr-Nb-Mo-Pd-Pt,7-7-7-7-4,4.59843723453957779400,3239
Cr-Nb-Mo-Ag-Pt,7-7-7-7-4,4.94207066926404847400,3240
Cr-Nb-Mo-W-Pt,7-7-7-7-4,4.63761792302901986200,3244
Cr-Nb-Mo-Re-Pt,7-7-7-7-4,4.59843723453957779400,3245
Cr-Nb-Mo-Os-Pt,7-7-7-7-4,4.73226954008327805400,3246
Cr-Nb-Mo-Ir-Pt,7-7-7-7-4,4.66874581659785800700,3247
Cr-Nb-Mo-Au-Pt,7-7-7-7-4,4.84174555300048786000,3248
Cr-Nb-Tc-Ru-Pt,7-7-7-7-4,4.75042761233133621900,3250
Cr-Nb-Tc-Rh-Pt,7-7-7-7-4,4.68844990375283843600,3251
Cr-Nb-Tc-Pd-Pt,7-7-7-7-4,4.61820446710623673300,3252
Cr-Nb-Tc-W-Pt,7-7-7-7-4,4.72195669188102571200,3257
Cr-Nb-Tc-Re-Pt,7-7-7-7-4,4.61820446710623673300,3258
Cr-Nb-Tc-Os-Pt,7-7-7-7-4,4.68844990375283843600,3259
Cr-Nb-Tc-Ir-Pt,7-7-7-7-4,4.64532695297112536800,3260
Cr-Nb-Tc-Au-Pt,7-7-7-7-4,4.98456994132894076600,3261
Cr-Nb-Ru-Rh-Pt,7-7-7-7-4,4.78238957007895792300,3263
Cr-Nb-Ru-Pd-Pt,7-7-7-7-4,4.74456926390583953500,3264
Cr-Nb-Ru-W-Pt,7-7-7-7-4,4.87637801036794111200,3269
Cr-Nb-Ru-Re-Pt,7-7-7-7-4,4.74456926390583953500,3270
Cr-Nb-Ru-Os-Pt,7-7-7-7-4,4.78238957007895792300,3271
Cr-Nb-Ru-Ir-Pt,7-7-7-7-4,4.75042761233133621900,3272
Cr-Nb-Rh-Pd-Pt,7-7-7-7-4,4.67182378734472389900,3275
Cr-Nb-Rh-W-Pt,7-7-7-7-4,4.79038751042126027200,3280
Cr-Nb-Rh-Re-Pt,7-7-7-7-4,4.67182378734472389900,3281
Cr-Nb-Rh-Os-Pt,7-7-7-7-4,4.72595889740907501200,3282
Cr-Nb-Rh-Ir-Pt,7-7-7-7-4,4.68844990375283843600,3283
Cr-Nb-Pd-Ag-Pt,7-7-7-7-4,4.98742167858303314700,3286
Cr-Nb-Pd-W-Pt,7-7-7-7-4,4.64142354240592872000,3290
Cr-Nb-Pd-Re-Pt,7-7-7-7-4,4.56905351249030568800,3291
Cr-Nb-Pd-Os-Pt,7-7-7-7-4,4.67182378734472389900,3292
Cr-Nb-Pd-Ir-Pt,7-7-7-7-4,4.61820446710623673300,3293
Cr-Nb-Pd-Au-Pt,7-7-7-7-4,4.87676250190636205800,3294
Cr-Nb-Ag-W-Pt,7-7-7-7-4,4.94605271908822257700,3299
Cr-Nb-Ag-Re-Pt,7-7-7-7-4,4.98742167858303314700,3300
Cr-Nb-W-Re-Pt,7-7-7-7-4,4.64142354240592872000,3326
Cr-Nb-W-Os-Pt,7-7-7-7-4,4.79038751042126027200,3327
Cr-Nb-W-Ir-Pt,7-7-7-7-4,4.72195669188102571200,3328
Cr-Nb-W-Au-Pt,7-7-7-7-4,4.85070871110603795600,3329
Cr-Nb-Re-Os-Pt,7-7-7-7-4,4.67182378734472389900,3331
Cr-Nb-Re-Ir-Pt,7-7-7-7-4,4.61820446710623673300,3332
Cr-Nb-Re-Au-Pt,7-7-7-7-4,4.87676250190636205800,3333
Cr-Nb-Os-Ir-Pt,7-7-7-7-4,4.68844990375283843600,3335
Cr-Nb-Ir-Au-Pt,7-7-7-7-4,4.98456994132894076600,3338
Cr-Mo-Tc-Ag-Pt,7-7-7-7-4,4.25301363741053621300,3344
Cr-Mo-Tc-Ta-Pt,7-7-7-7-4,4.66874581659785800700,3347
Cr-Mo-Tc-Au-Pt,7-7-7-7-4,4.06005695772854891100,3352
Cr-Mo-Ru-Ag-Pt,7-7-7-7-4,4.38741096775763644600,3356
Cr-Mo-Ru-Ta-Pt,7-7-7-7-4,4.81462615371121000600,3359
Cr-Mo-Ru-Au-Pt,7-7-7-7-4,4.18792908249411501400,3364
Cr-Mo-Rh-Ag-Pt,7-7-7-7-4,4.30990864172316302200,3367
Cr-Mo-Rh-Ta-Pt,7-7-7-7-4,4.73226954008327805400,3370
Cr-Mo-Rh-Au-Pt,7-7-7-7-4,4.11335477439036371700,3375
Cr-Mo-Pd-Ag-Pt,7-7-7-7-4,4.20167377362879042400,3377
Cr-Mo-Pd-Ta-Pt,7-7-7-7-4,4.59843723453957779400,3380
Cr-Mo-Pd-Au-Pt,7-7-7-7-4,4.02049437258653553200,3385
Cr-Mo-Ag-Ta-Pt,7-7-7-7-4,4.94207066926404847400,3389
Cr-Mo-Ag-W-Pt,7-7-7-7-4,4.28409121051361370200,3390
Cr-Mo-Ag-Re-Pt,7-7-7-7-4,4.20167377362879042400,3391
Cr-Mo-Ag-Os-Pt,7-7-7-7-4,4.30990864172316302200,3392
Cr-Mo-Ag-Ir-Pt,7-7-7-7-4,4.25301363741053621300,3393
Cr-Mo-Ag-Au-Pt,7-7-7-7-4,4.54137231462032850500,3394
Cr-Mo-Ta-W-Pt,7-7-7-7-4,4.63761792302901986200,3411
Cr-Mo-Ta-Re-Pt,7-7-7-7-4,4.59843723453957779400,3412
Cr-Mo-Ta-Os-Pt,7-7-7-7-4,4.73226954008327805400,3413
Cr-Mo-Ta-Ir-Pt,7-7-7-7-4,4.66874581659785800700,3414
Cr-Mo-Ta-Au-Pt,7-7-7-7-4,4.84174555300048786000,3415
Cr-Mo-W-Au-Pt,7-7-7-7-4,4.12659060242229505300,3420
Cr-Mo-Re-Au-Pt,7-7-7-7-4,4.02049437258653553200,3424
Cr-Mo-Os-Au-Pt,7-7-7-7-4,4.11335477439036371700,3427
Cr-Mo-Ir-Au-Pt,7-7-7-7-4,4.06005695772854891100,3429
Cr-Tc-Ru-Ag-Pt,7-7-7-7-4,4.26259164124362257600,3434
Cr-Tc-Ru-Ta-Pt,7-7-7-7-4,4.75042761233133621900,3437
Cr-Tc-Ru-Au-Pt,7-7-7-7-4,4.02845348738197547000,3442
Cr-Tc-Rh-Ag-Pt,7-7-7-7-4,4.20661681164329489900,3445
Cr-Tc-Rh-Ta-Pt,7-7-7-7-4,4.68844990375283843600,3448
Cr-Tc-Pd-Ag-Pt,7-7-7-7-4,4.16934497253465463300,3455
Cr-Tc-Pd-Ta-Pt,7-7-7-7-4,4.61820446710623673300,3458
Cr-Tc-Ag-W-Pt,7-7-7-7-4,4.32456645225853825100,3468
Cr-Tc-Ag-Re-Pt,7-7-7-7-4,4.16934497253465463300,3469
Cr-Tc-Ag-Os-Pt,7-7-7-7-4,4.20661681164329489900,3470
Cr-Tc-Ag-Ir-Pt,7-7-7-7-4,4.17234196824756922900,3471
Cr-Tc-Ag-Au-Pt,7-7-7-7-4,4.64764725425671693100,3472
Cr-Tc-Ta-W-Pt,7-7-7-7-4,4.72195669188102571200,3489
Cr-Tc-Ta-Re-Pt,7-7-7-7-4,4.61820446710623673300,3490
Cr-Tc-Ta-Os-Pt,7-7-7-7-4,4.68844990375283843600,3491
Cr-Tc-Ta-Ir-Pt,7-7-7-7-4,4.64532695297112536800,3492
Cr-Tc-Ta-Au-Pt,7-7-7-7-4,4.98456994132894076600,3493
Cr-Tc-W-Au-Pt,7-7-7-7-4,4.14253847296558007400,3498
Cr-Ru-Rh-Ag-Pt,7-7-7-7-4,4.28474765884760126000,3511
Cr-Ru-Rh-Ta-Pt,7-7-7-7-4,4.78238957007895792300,3514
Cr-Ru-Rh-Au-Pt,7-7-7-7-4,4.04471105272057722000,3519
Cr-Ru-Pd-Ag-Pt,7-7-7-7-4,4.28332522697027992000,3521
Cr-Ru-Pd-Ta-Pt,7-7-7-7-4,4.74456926390583953500,3524
Cr-Ru-Pd-Au-Pt,7-7-7-7-4,4.06459561334211942500,3529
Cr-Ru-Ag-W-Pt,7-7-7-7-4,4.46864073292986935700,3534
Cr-Ru-Ag-Re-Pt,7-7-7-7-4,4.28332522697027992000,3535
Cr-Ru-Ag-Os-Pt,7-7-7-7-4,4.28474765884760126000,3536
Cr-Ru-Ag-Ir-Pt,7-7-7-7-4,4.26259164124362257600,3537
Cr-Ru-Ag-Au-Pt,7-7-7-7-4,4.81407441778790951800,3538
Cr-Ru-Ta-W-Pt,7-7-7-7-4,4.87637801036794111200,3555
Cr-Ru-Ta-Re-Pt,7-7-7-7-4,4.74456926390583953500,3556
Cr-Ru-Ta-Os-Pt,7-7-7-7-4,4.78238957007895792300,3557
Cr-Ru-Ta-Ir-Pt,7-7-7-7-4,4.75042761233133621900,3558
Cr-Ru-W-Au-Pt,7-7-7-7-4,4.27989485852164363600,3564
Cr-Ru-Re-Au-Pt,7-7-7-7-4,4.06459561334211942500,3568
Cr-Ru-Os-Au-Pt,7-7-7-7-4,4.04471105272057722000,3571
Cr-Ru-Ir-Au-Pt,7-7-7-7-4,4.02845348738197547000,3573
Cr-Rh-Pd-Ag-Pt,7-7-7-7-4,4.21604079676655880400,3576
Cr-Rh-Pd-Ta-Pt,7-7-7-7-4,4.67182378734472389900,3579
Cr-Rh-Pd-Au-Pt,7-7-7-7-4,4.00023436813394722300,3584
Cr-Rh-Ag-W-Pt,7-7-7-7-4,4.38669864476692768400,3589
Cr-Rh-Ag-Re-Pt,7-7-7-7-4,4.21604079676655880400,3590
Cr-Rh-Ag-Os-Pt,7-7-7-7-4,4.23504722523846243800,3591
Cr-Rh-Ag-Ir-Pt,7-7-7-7-4,4.20661681164329489900,3592
Cr-Rh-Ag-Au-Pt,7-7-7-7-4,4.72195669188102571200,3593
Cr-Rh-Ta-W-Pt,7-7-7-7-4,4.79038751042126027200,3610
Cr-Rh-Ta-Re-Pt,7-7-7-7-4,4.67182378734472389900,3611
Cr-Rh-Ta-Os-Pt,7-7-7-7-4,4.72595889740907501200,3612
Cr-Rh-Ta-Ir-Pt,7-7-7-7-4,4.68844990375283843600,3613
Cr-Rh-W-Au-Pt,7-7-7-7-4,4.20066958948213397800,3619
Cr-Rh-Re-Au-Pt,7-7-7-7-4,4.00023436813394722300,3623
Cr-Pd-Ag-Ta-Pt,7-7-7-7-4,4.98742167858303314700,3633
Cr-Pd-Ag-W-Pt,7-7-7-7-4,4.26251832840634246500,3634
Cr-Pd-Ag-Re-Pt,7-7-7-7-4,4.14227443562108762400,3635
Cr-Pd-Ag-Os-Pt,7-7-7-7-4,4.21604079676655880400,3636
Cr-Pd-Ag-Ir-Pt,7-7-7-7-4,4.16934497253465463300,3637
Cr-Pd-Ag-Au-Pt,7-7-7-7-4,4.55579987488476056300,3638
Cr-Pd-Ta-W-Pt,7-7-7-7-4,4.64142354240592872000,3655
Cr-Pd-Ta-Re-Pt,7-7-7-7-4,4.56905351249030568800,3656
Cr-Pd-Ta-Os-Pt,7-7-7-7-4,4.67182378734472389900,3657
Cr-Pd-Ta-Ir-Pt,7-7-7-7-4,4.61820446710623673300,3658
Cr-Pd-Ta-Au-Pt,7-7-7-7-4,4.87676250190636205800,3659
Cr-Pd-W-Au-Pt,7-7-7-7-4,4.09088162869570206700,3664
Cr-Pd-Os-Au-Pt,7-7-7-7-4,4.00023436813394722300,3671
Cr-Ag-Ta-W-Pt,7-7-7-7-4,4.94605271908822257700,3691
Cr-Ag-Ta-Re-Pt,7-7-7-7-4,4.98742167858303314700,3692
Cr-Ag-W-Re-Pt,7-7-7-7-4,4.26251832840634246500,3697
Cr-Ag-W-Os-Pt,7-7-7-7-4,4.38669864476692768400,3698
Cr-Ag-W-Ir-Pt,7-7-7-7-4,4.32456645225853825100,3699
Cr-Ag-W-Au-Pt,7-7-7-7-4,4.56323624196687848800,3700
Cr-Ag-Re-Os-Pt,7-7-7-7-4,4.21604079676655880400,3702
Cr-Ag-Re-Ir-Pt,7-7-7-7-4,4.16934497253465463300,3703
Cr-Ag-Re-Au-Pt,7-7-7-7-4,4.55579987488476056300,3704
Cr-Ag-Os-Ir-Pt,7-7-7-7-4,4.20661681164329489900,3706
Cr-Ag-Os-Au-Pt,7-7-7-7-4,4.72195669188102571200,3707
Cr-Ag-Ir-Au-Pt,7-7-7-7-4,4.64764725425671693100,3709
Cr-Ta-W-Re-Pt,7-7-7-7-4,4.64142354240592872000,3761
Cr-Ta-W-Os-Pt,7-7-7-7-4,4.79038751042126027200,3762
Cr-Ta-W-Ir-Pt,7-7-7-7-4,4.72195669188102571200,3763
Cr-Ta-W-Au-Pt,7-7-7-7-4,4.85070871110603795600,3764
Cr-Ta-Re-Os-Pt,7-7-7-7-4,4.67182378734472389900,3766
Cr-Ta-Re-Ir-Pt,7-7-7-7-4,4.61820446710623673300,3767
Cr-Ta-Re-Au-Pt,7-7-7-7-4,4.87676250190636205800,3768
Cr-Ta-Os-Ir-Pt,7-7-7-7-4,4.68844990375283843600,3770
Cr-Ta-Ir-Au-Pt,7-7-7-7-4,4.98456994132894076600,3773
Cr-W-Re-Au-Pt,7-7-7-7-4,4.09088162869570206700,3778
Cr-W-Os-Au-Pt,7-7-7-7-4,4.20066958948213397800,3781
Cr-W-Ir-Au-Pt,7-7-7-7-4,4.14253847296558007400,3783
Cr-Re-Os-Au-Pt,7-7-7-7-4,4.00023436813394722300,3787
Mn-Fe-Co-Zn-Pt,7-7-7-7-4,4.75910311928623794900,3798
Mn-Fe-Co-Mo-Pt,7-7-7-7-4,4.98572963567018944700,3801
Mn-Fe-Co-Tc-Pt,7-7-7-7-4,4.14080306220906864300,3802
Mn-Fe-Co-Pd-Pt,7-7-7-7-4,4.54140672038961954000,3805
Mn-Fe-Co-Re-Pt,7-7-7-7-4,4.54140672038961954000,3811
Mn-Fe-Co-Ir-Pt,7-7-7-7-4,4.14080306220906864300,3813
Mn-Fe-Ni-Zn-Pt,7-7-7-7-4,4.75910311928623794900,3817
Mn-Fe-Ni-Mo-Pt,7-7-7-7-4,4.98572963567018944700,3820
Mn-Fe-Ni-Tc-Pt,7-7-7-7-4,4.14080306220906864300,3821
Mn-Fe-Ni-Pd-Pt,7-7-7-7-4,4.54140672038961954000,3824
Mn-Fe-Ni-Re-Pt,7-7-7-7-4,4.54140672038961954000,3830
Mn-Fe-Ni-Ir-Pt,7-7-7-7-4,4.14080306220906864300,3832
Mn-Fe-Cu-Zn-Pt,7-7-7-7-4,4.37514285481057178200,3835
Mn-Fe-Cu-Mo-Pt,7-7-7-7-4,4.60166410117035813100,3838
Mn-Fe-Cu-Pd-Pt,7-7-7-7-4,4.15865062249763895600,3842
Mn-Fe-Cu-W-Pt,7-7-7-7-4,4.83635322324579597000,3847
Mn-Fe-Cu-Re-Pt,7-7-7-7-4,4.15865062249763895600,3848
Mn-Fe-Zn-Mo-Pt,7-7-7-7-4,4.79416963613095359500,3855
Mn-Fe-Zn-Tc-Pt,7-7-7-7-4,4.31755138938727630200,3856
Mn-Fe-Zn-Ru-Pt,7-7-7-7-4,4.19475118451619249300,3857
Mn-Fe-Zn-Rh-Pt,7-7-7-7-4,4.24540192443542381700,3858
Mn-Fe-Zn-Pd-Pt,7-7-7-7-4,4.52154564280844122900,3859
Mn-Fe-Zn-W-Pt,7-7-7-7-4,4.95255615818740615700,3864
Mn-Fe-Zn-Re-Pt,7-7-7-7-4,4.52154564280844122900,3865
Mn-Fe-Zn-Os-Pt,7-7-7-7-4,4.24540192443542381700,3866
Mn-Fe-Zn-Ir-Pt,7-7-7-7-4,4.31755138938727630200,3867
Mn-Fe-Mo-Tc-Pt,7-7-7-7-4,4.49318929047063406700,3901
Mn-Fe-Mo-Ru-Pt,7-7-7-7-4,4.38929806461124259700,3902
Mn-Fe-Mo-Rh-Pt,7-7-7-7-4,4.43082244058594611600,3903
Mn-Fe-Mo-Pd-Pt,7-7-7-7-4,4.67620305376060418100,3904
Mn-Fe-Mo-Re-Pt,7-7-7-7-4,4.67620305376060418100,3910
Mn-Fe-Mo-Os-Pt,7-7-7-7-4,4.43082244058594611600,3911
Mn-Fe-Mo-Ir-Pt,7-7-7-7-4,4.49318929047063406700,3912
Mn-Fe-Tc-Pd-Pt,7-7-7-7-4,4.15662122402318491500,3917
Mn-Fe-Tc-W-Pt,7-7-7-7-4,4.68198008325537412200,3922
Mn-Fe-Tc-Re-Pt,7-7-7-7-4,4.15662122402318491500,3923
Mn-Fe-Ru-Pd-Pt,7-7-7-7-4,4.01353179880264558900,3929
Mn-Fe-Ru-W-Pt,7-7-7-7-4,4.59537811284338168300,3934
Mn-Fe-Ru-Re-Pt,7-7-7-7-4,4.01353179880264558900,3935
Mn-Fe-Rh-Pd-Pt,7-7-7-7-4,4.07411800270929806000,3940
Mn-Fe-Rh-W-Pt,7-7-7-7-4,4.62868096761917692600,3945
Mn-Fe-Rh-Re-Pt,7-7-7-7-4,4.07411800270929806000,3946
Mn-Fe-Pd-W-Pt,7-7-7-7-4,4.84500386996749466900,3955
Mn-Fe-Pd-Re-Pt,7-7-7-7-4,4.38178046004132890700,3956
Mn-Fe-Pd-Os-Pt,7-7-7-7-4,4.07411800270929806000,3957
Mn-Fe-Pd-Ir-Pt,7-7-7-7-4,4.15662122402318491500,3958
Mn-Fe-W-Re-Pt,7-7-7-7-4,4.84500386996749466900,3991
Mn-Fe-W-Os-Pt,7-7-7-7-4,4.62868096761917692600,3992
Mn-Fe-W-Ir-Pt,7-7-7-7-4,4.68198008325537412200,3993
Mn-Fe-Re-Os-Pt,7-7-7-7-4,4.07411800270929806000,3996
Mn-Fe-Re-Ir-Pt,7-7-7-7-4,4.15662122402318491500,3997
Mn-Co-Ni-Tc-Pt,7-7-7-7-4,4.37507142798834771200,4011
Mn-Co-Ni-Ru-Pt,7-7-7-7-4,4.02445648504242122800,4012
Mn-Co-Ni-Rh-Pt,7-7-7-7-4,4.19188203555395866700,4013
Mn-Co-Ni-Pd-Pt,7-7-7-7-4,4.78098446975097378800,4014
Mn-Co-Ni-Re-Pt,7-7-7-7-4,4.78098446975097378800,4020
Mn-Co-Ni-Os-Pt,7-7-7-7-4,4.19188203555395866700,4021
Mn-Co-Ni-Ir-Pt,7-7-7-7-4,4.37507142798834771200,4022
Mn-Co-Cu-Zn-Pt,7-7-7-7-4,4.66710563411628813700,4025
Mn-Co-Cu-Mo-Pt,7-7-7-7-4,4.89195768583498686000,4028
Mn-Co-Cu-Tc-Pt,7-7-7-7-4,4.05755468231791054900,4029
Mn-Co-Cu-Pd-Pt,7-7-7-7-4,4.45252737217863715100,4032
Mn-Co-Cu-Re-Pt,7-7-7-7-4,4.45252737217863715100,4038
Mn-Co-Cu-Ir-Pt,7-7-7-7-4,4.05755468231791054900,4040
Mn-Co-Zn-Tc-Pt,7-7-7-7-4,4.69943480644215342200,4046
Mn-Co-Zn-Ru-Pt,7-7-7-7-4,4.56484528763023906200,4047
Mn-Co-Zn-Rh-Pt,7-7-7-7-4,4.62222889956782646500,4048
Mn-Co-Zn-Pd-Pt,7-7-7-7-4,4.90841114822301739000,4049
Mn-Co-Zn-Re-Pt,7-7-7-7-4,4.90841114822301739000,4055
Mn-Co-Zn-Os-Pt,7-7-7-7-4,4.62222889956782646500,4056
Mn-Co-Zn-Ir-Pt,7-7-7-7-4,4.69943480644215342200,4057
Mn-Co-Mo-Tc-Pt,7-7-7-7-4,4.87253142627115335800,4091
Mn-Co-Mo-Ru-Pt,7-7-7-7-4,4.75565452908429840200,4092
Mn-Co-Mo-Rh-Pt,7-7-7-7-4,4.80439252143286061000,4093
Mn-Co-Mo-Os-Pt,7-7-7-7-4,4.80439252143286061000,4101
Mn-Co-Mo-Ir-Pt,7-7-7-7-4,4.87253142627115335800,4102
Mn-Co-Tc-Ru-Pt,7-7-7-7-4,4.07526839606914724700,4105
Mn-Co-Tc-Rh-Pt,7-7-7-7-4,4.16225599885446738400,4106
Mn-Co-Tc-Pd-Pt,7-7-7-7-4,4.54009911786075436900,4107
Mn-Co-Tc-Re-Pt,7-7-7-7-4,4.54009911786075436900,4113
Mn-Co-Tc-Os-Pt,7-7-7-7-4,4.16225599885446738400,4114
Mn-Co-Tc-Ir-Pt,7-7-7-7-4,4.26980678719775328400,4115
Mn-Co-Ru-Pd-Pt,7-7-7-7-4,4.38630681781382000900,4119
Mn-Co-Ru-W-Pt,7-7-7-7-4,4.95788513380453379700,4124
Mn-Co-Ru-Re-Pt,7-7-7-7-4,4.38630681781382000900,4125
Mn-Co-Ru-Ir-Pt,7-7-7-7-4,4.07526839606914724700,4127
Mn-Co-Rh-Pd-Pt,7-7-7-7-4,4.45350985179105672000,4130
Mn-Co-Rh-W-Pt,7-7-7-7-4,4.99862481088548993300,4135
Mn-Co-Rh-Re-Pt,7-7-7-7-4,4.45350985179105672000,4136
Mn-Co-Rh-Os-Pt,7-7-7-7-4,4.04401564042474989000,4137
Mn-Co-Rh-Ir-Pt,7-7-7-7-4,4.16225599885446738400,4138
Mn-Co-Pd-Re-Pt,7-7-7-7-4,4.76930288407016565700,4146
Mn-Co-Pd-Os-Pt,7-7-7-7-4,4.45350985179105672000,4147
Mn-Co-Pd-Ir-Pt,7-7-7-7-4,4.54009911786075436900,4148
Mn-Co-W-Os-Pt,7-7-7-7-4,4.99862481088548993300,4182
Mn-Co-Re-Os-Pt,7-7-7-7-4,4.45350985179105672000,4186
Mn-Co-Re-Ir-Pt,7-7-7-7-4,4.54009911786075436900,4187
Mn-Co-Os-Ir-Pt,7-7-7-7-4,4.16225599885446738400,4190
Mn-Ni-Cu-Zn-Pt,7-7-7-7-4,4.66710563411628813700,4196
Mn-Ni-Cu-Mo-Pt,7-7-7-7-4,4.89195768583498686000,4199
Mn-Ni-Cu-Tc-Pt,7-7-7-7-4,4.05755468231791054900,4200
Mn-Ni-Cu-Pd-Pt,7-7-7-7-4,4.45252737217863715100,4203
Mn-Ni-Cu-Re-Pt,7-7-7-7-4,4.45252737217863715100,4209
Mn-Ni-Cu-Ir-Pt,7-7-7-7-4,4.05755468231791054900,4211
Mn-Ni-Zn-Tc-Pt,7-7-7-7-4,4.69943480644215342200,4217
Mn-Ni-Zn-Ru-Pt,7-7-7-7-4,4.56484528763023906200,4218
Mn-Ni-Zn-Rh-Pt,7-7-7-7-4,4.62222889956782646500,4219
Mn-Ni-Zn-Pd-Pt,7-7-7-7-4,4.90841114822301739000,4220
Mn-Ni-Zn-Re-Pt,7-7-7-7-4,4.90841114822301739000,4226
Mn-Ni-Zn-Os-Pt,7-7-7-7-4,4.62222889956782646500,4227
Mn-Ni-Zn-Ir-Pt,7-7-7-7-4,4.69943480644215342200,4228
Mn-Ni-Mo-Tc-Pt,7-7-7-7-4,4.87253142627115335800,4262
Mn-Ni-Mo-Ru-Pt,7-7-7-7-4,4.75565452908429840200,4263
Mn-Ni-Mo-Rh-Pt,7-7-7-7-4,4.80439252143286061000,4264
Mn-Ni-Mo-Os-Pt,7-7-7-7-4,4.80439252143286061000,4272
Mn-Ni-Mo-Ir-Pt,7-7-7-7-4,4.87253142627115335800,4273
Mn-Ni-Tc-Ru-Pt,7-7-7-7-4,4.07526839606914724700,4276
Mn-Ni-Tc-Rh-Pt,7-7-7-7-4,4.16225599885446738400,4277
Mn-Ni-Tc-Pd-Pt,7-7-7-7-4,4.54009911786075436900,4278
Mn-Ni-Tc-Re-Pt,7-7-7-7-4,4.54009911786075436900,4284
Mn-Ni-Tc-Os-Pt,7-7-7-7-4,4.16225599885446738400,4285
Mn-Ni-Tc-Ir-Pt,7-7-7-7-4,4.26980678719775328400,4286
Mn-Ni-Ru-Pd-Pt,7-7-7-7-4,4.38630681781382000900,4290
Mn-Ni-Ru-W-Pt,7-7-7-7-4,4.95788513380453379700,4295
Mn-Ni-Ru-Re-Pt,7-7-7-7-4,4.38630681781382000900,4296
Mn-Ni-Ru-Ir-Pt,7-7-7-7-4,4.07526839606914724700,4298
Mn-Ni-Rh-Pd-Pt,7-7-7-7-4,4.45350985179105672000,4301
Mn-Ni-Rh-W-Pt,7-7-7-7-4,4.99862481088548993300,4306
Mn-Ni-Rh-Re-Pt,7-7-7-7-4,4.45350985179105672000,4307
Mn-Ni-Rh-Os-Pt,7-7-7-7-4,4.04401564042474989000,4308
Mn-Ni-Rh-Ir-Pt,7-7-7-7-4,4.16225599885446738400,4309
Mn-Ni-Pd-Re-Pt,7-7-7-7-4,4.76930288407016565700,4317
Mn-Ni-Pd-Os-Pt,7-7-7-7-4,4.45350985179105672000,4318
Mn-Ni-Pd-Ir-Pt,7-7-7-7-4,4.54009911786075436900,4319
Mn-Ni-W-Os-Pt,7-7-7-7-4,4.99862481088548993300,4353
Mn-Ni-Re-Os-Pt,7-7-7-7-4,4.45350985179105672000,4357
Mn-Ni-Re-Ir-Pt,7-7-7-7-4,4.54009911786075436900,4358
Mn-Ni-Os-Ir-Pt,7-7-7-7-4,4.16225599885446738400,4361
Mn-Cu-Zn-Mo-Pt,7-7-7-7-4,4.62172181118682217900,4369
Mn-Cu-Zn-Tc-Pt,7-7-7-7-4,4.15026354584862477900,4370
Mn-Cu-Zn-Ru-Pt,7-7-7-7-4,4.03511926713449202300,4371
Mn-Cu-Zn-Rh-Pt,7-7-7-7-4,4.08158976380527493100,4372
Mn-Cu-Zn-Pd-Pt,7-7-7-7-4,4.35000000000000000000,4373
Mn-Cu-Zn-W-Pt,7-7-7-7-4,4.78020004811514138300,4378
Mn-Cu-Zn-Re-Pt,7-7-7-7-4,4.35000000000000000000,4379
Mn-Cu-Zn-Os-Pt,7-7-7-7-4,4.08158976380527493100,4380
Mn-Cu-Zn-Ir-Pt,7-7-7-7-4,4.15026354584862477900,4381
Mn-Cu-Mo-Tc-Pt,7-7-7-7-4,4.32673375654199457600,4415
Mn-Cu-Mo-Ru-Pt,7-7-7-7-4,4.23080222889229366000,4416
Mn-Cu-Mo-Rh-Pt,7-7-7-7-4,4.26772041024245167200,4417
Mn-Cu-Mo-Pd-Pt,7-7-7-7-4,4.50482380343560163000,4418
Mn-Cu-Mo-W-Pt,7-7-7-7-4,4.90255035670211142800,4423
Mn-Cu-Mo-Re-Pt,7-7-7-7-4,4.50482380343560163000,4424
Mn-Cu-Mo-Os-Pt,7-7-7-7-4,4.26772041024245167200,4425
Mn-Cu-Mo-Ir-Pt,7-7-7-7-4,4.32673375654199457600,4426
Mn-Cu-Tc-W-Pt,7-7-7-7-4,4.51604777432657370600,4436
Mn-Cu-Ru-W-Pt,7-7-7-7-4,4.43783449443532087200,4448
Mn-Cu-Rh-W-Pt,7-7-7-7-4,4.46678715633507659500,4459
Mn-Cu-Pd-W-Pt,7-7-7-7-4,4.67419779213503116300,4469
Mn-Cu-Pd-Re-Pt,7-7-7-7-4,4.21144274566329584800,4470
Mn-Cu-W-Re-Pt,7-7-7-7-4,4.67419779213503116300,4505
Mn-Cu-W-Os-Pt,7-7-7-7-4,4.46678715633507659500,4506
Mn-Cu-W-Ir-Pt,7-7-7-7-4,4.51604777432657370600,4507
Mn-Zn-Mo-Ag-Pt,7-7-7-7-4,4.78078837640822583100,4555
Mn-Zn-Mo-W-Pt,7-7-7-7-4,4.21578136292668763900,4559
Mn-Zn-Mo-Au-Pt,7-7-7-7-4,4.61844129550219572700,4563
Mn-Zn-Tc-Ag-Pt,7-7-7-7-4,4.73811011902425079100,4568
Mn-Zn-Tc-W-Pt,7-7-7-7-4,4.05767020591866238400,4572
Mn-Zn-Tc-Au-Pt,7-7-7-7-4,4.54883226773641325000,4576
Mn-Zn-Ru-Ag-Pt,7-7-7-7-4,4.83131063998166029700,4580
Mn-Zn-Ru-W-Pt,7-7-7-7-4,4.11267096909052523800,4584
Mn-Zn-Ru-Au-Pt,7-7-7-7-4,4.63411264429340344800,4588
Mn-Zn-Rh-Ag-Pt,7-7-7-7-4,4.77545809320948810600,4591
Mn-Zn-Rh-W-Pt,7-7-7-7-4,4.07381117628198374000,4595
Mn-Zn-Rh-Au-Pt,7-7-7-7-4,4.58148447558212293400,4599
Mn-Zn-Pd-Ag-Pt,7-7-7-7-4,4.72119555833053795300,4601
Mn-Zn-Pd-W-Pt,7-7-7-7-4,4.09328718757919549900,4605
Mn-Zn-Pd-Au-Pt,7-7-7-7-4,4.54391763789794059600,4609
Mn-Zn-Ag-W-Pt,7-7-7-7-4,4.83764534665367961300,4614
Mn-Zn-Ag-Re-Pt,7-7-7-7-4,4.72119555833053795300,4615
Mn-Zn-Ag-Os-Pt,7-7-7-7-4,4.77545809320948810600,4616
Mn-Zn-Ag-Ir-Pt,7-7-7-7-4,4.73811011902425079100,4617
Mn-Zn-W-Re-Pt,7-7-7-7-4,4.09328718757919549900,4641
Mn-Zn-W-Os-Pt,7-7-7-7-4,4.07381117628198374000,4642
Mn-Zn-W-Ir-Pt,7-7-7-7-4,4.05767020591866238400,4643
Mn-Zn-W-Au-Pt,7-7-7-7-4,4.68301452058393686100,4644
Mn-Zn-Re-Au-Pt,7-7-7-7-4,4.54391763789794059600,4648
Mn-Zn-Os-Au-Pt,7-7-7-7-4,4.58148447558212293400,4651
Mn-Zn-Ir-Au-Pt,7-7-7-7-4,4.54883226773641325000,4653
Mn-Mo-Tc-Ag-Pt,7-7-7-7-4,4.79341996908261732100,4884
Mn-Mo-Tc-W-Pt,7-7-7-7-4,4.15052707496288957700,4888
Mn-Mo-Tc-Au-Pt,7-7-7-7-4,4.61295729440453415500,4892
Mn-Mo-Ru-Ag-Pt,7-7-7-7-4,4.89645917985639904700,4896
Mn-Mo-Ru-W-Pt,7-7-7-7-4,4.21707837252285364700,4900
Mn-Mo-Ru-Au-Pt,7-7-7-7-4,4.70817108865002908100,4904
Mn-Mo-Rh-Ag-Pt,7-7-7-7-4,4.83567472024328782800,4907
Mn-Mo-Rh-W-Pt,7-7-7-7-4,4.17275388682342491200,4911
Mn-Mo-Rh-Au-Pt,7-7-7-7-4,4.65083997789646596200,4915
Mn-Mo-Pd-Ag-Pt,7-7-7-7-4,4.76622229863442269500,4917
Mn-Mo-Pd-W-Pt,7-7-7-7-4,4.17234196824756922900,4921
Mn-Mo-Pd-Au-Pt,7-7-7-7-4,4.59653402032444441600,4925
Mn-Mo-Ag-W-Pt,7-7-7-7-4,4.86547145711492176600,4930
Mn-Mo-Ag-Re-Pt,7-7-7-7-4,4.76622229863442269500,4931
Mn-Mo-Ag-Os-Pt,7-7-7-7-4,4.83567472024328782800,4932
Mn-Mo-Ag-Ir-Pt,7-7-7-7-4,4.79341996908261732100,4933
Mn-Mo-W-Re-Pt,7-7-7-7-4,4.17234196824756922900,4957
Mn-Mo-W-Os-Pt,7-7-7-7-4,4.17275388682342491200,4958
Mn-Mo-W-Ir-Pt,7-7-7-7-4,4.15052707496288957700,4959
Mn-Mo-W-Au-Pt,7-7-7-7-4,4.71745429230639181100,4960
Mn-Mo-Re-Au-Pt,7-7-7-7-4,4.59653402032444441600,4964
Mn-Mo-Os-Au-Pt,7-7-7-7-4,4.65083997789646596200,4967
Mn-Mo-Ir-Au-Pt,7-7-7-7-4,4.61295729440453415500,4969
Mn-Tc-Ru-Ag-Pt,7-7-7-7-4,4.74687397136262719200,4974
Mn-Tc-Ru-Au-Pt,7-7-7-7-4,4.52641552445199180200,4982
Mn-Tc-Rh-Ag-Pt,7-7-7-7-4,4.70614624719631933300,4985
Mn-Tc-Rh-Au-Pt,7-7-7-7-4,4.48991926430754431600,4993
Mn-Tc-Pd-Ag-Pt,7-7-7-7-4,4.70089752068687410900,4995
Mn-Tc-Pd-Au-Pt,7-7-7-7-4,4.50371374534394670100,5003
Mn-Tc-Ag-W-Pt,7-7-7-7-4,4.86653110541790331600,5008
Mn-Tc-Ag-Re-Pt,7-7-7-7-4,4.70089752068687410900,5009
Mn-Tc-Ag-Os-Pt,7-7-7-7-4,4.70614624719631933300,5010
Mn-Tc-Ag-Ir-Pt,7-7-7-7-4,4.68481589819706789200,5011
Mn-Tc-W-Au-Pt,7-7-7-7-4,4.69521032542739239500,5038
Mn-Tc-Re-Au-Pt,7-7-7-7-4,4.50371374534394670100,5042
Mn-Tc-Os-Au-Pt,7-7-7-7-4,4.48991926430754431600,5045
Mn-Tc-Ir-Au-Pt,7-7-7-7-4,4.47405716324679964400,5047
Mn-Ru-Rh-Ag-Pt,7-7-7-7-4,4.75732987084141559600,5051
Mn-Ru-Rh-Au-Pt,7-7-7-7-4,4.53083187726051031400,5059
Mn-Ru-Pd-Ag-Pt,7-7-7-7-4,4.78438214401818032700,5061
Mn-Ru-Pd-W-Pt,7-7-7-7-4,4.02810439288755275900,5065
Mn-Ru-Pd-Au-Pt,7-7-7-7-4,4.57868703887915886000,5069
Mn-Ru-Ag-W-Pt,7-7-7-7-4,4.97854773001123290400,5074
Mn-Ru-Ag-Re-Pt,7-7-7-7-4,4.78438214401818032700,5075
Mn-Ru-Ag-Os-Pt,7-7-7-7-4,4.75732987084141559600,5076
Mn-Ru-Ag-Ir-Pt,7-7-7-7-4,4.74687397136262719200,5077
Mn-Ru-W-Re-Pt,7-7-7-7-4,4.02810439288755275900,5101
Mn-Ru-W-Au-Pt,7-7-7-7-4,4.79967446812802086700,5104
Mn-Ru-Re-Au-Pt,7-7-7-7-4,4.57868703887915886000,5108
Mn-Ru-Os-Au-Pt,7-7-7-7-4,4.53083187726051031400,5111
Mn-Ru-Ir-Au-Pt,7-7-7-7-4,4.52641552445199180200,5113
Mn-Rh-Pd-Ag-Pt,7-7-7-7-4,4.73273176928505002700,5116
Mn-Rh-Pd-Au-Pt,7-7-7-7-4,4.53124568965312230700,5124
Mn-Rh-Ag-W-Pt,7-7-7-7-4,4.91331100175838655400,5129
Mn-Rh-Ag-Re-Pt,7-7-7-7-4,4.73273176928505002700,5130
Mn-Rh-Ag-Os-Pt,7-7-7-7-4,4.72192360166913331600,5131
Mn-Rh-Ag-Ir-Pt,7-7-7-7-4,4.70614624719631933300,5132
Mn-Rh-W-Au-Pt,7-7-7-7-4,4.73787927241714338700,5159
Mn-Rh-Re-Au-Pt,7-7-7-7-4,4.53124568965312230700,5163
Mn-Rh-Os-Au-Pt,7-7-7-7-4,4.50000000000000000000,5166
Mn-Rh-Ir-Au-Pt,7-7-7-7-4,4.48991926430754431600,5168
Mn-Pd-Ag-W-Pt,7-7-7-7-4,4.82881973157002414100,5174
Mn-Pd-Ag-Re-Pt,7-7-7-7-4,4.69497736948752501600,5175
Mn-Pd-Ag-Os-Pt,7-7-7-7-4,4.73273176928505002700,5176
Mn-Pd-Ag-Ir-Pt,7-7-7-7-4,4.70089752068687410900,5177
Mn-Pd-W-Re-Pt,7-7-7-7-4,4.03535159558618881900,5201
Mn-Pd-W-Au-Pt,7-7-7-7-4,4.66790906081084660100,5204
Mn-Pd-Re-Au-Pt,7-7-7-7-4,4.51057784546503531400,5208
Mn-Pd-Os-Au-Pt,7-7-7-7-4,4.53124568965312230700,5211
Mn-Pd-Ir-Au-Pt,7-7-7-7-4,4.50371374534394670100,5213
Mn-Ag-W-Re-Pt,7-7-7-7-4,4.82881973157002414100,5237
Mn-Ag-W-Os-Pt,7-7-7-7-4,4.91331100175838655400,5238
Mn-Ag-W-Ir-Pt,7-7-7-7-4,4.86653110541790331600,5239
Mn-Ag-Re-Os-Pt,7-7-7-7-4,4.73273176928505002700,5242
Mn-Ag-Re-Ir-Pt,7-7-7-7-4,4.70089752068687410900,5243
Mn-Ag-Os-Ir-Pt,7-7-7-7-4,4.70614624719631933300,5246
Mn-W-Re-Au-Pt,7-7-7-7-4,4.66790906081084660100,5318
Mn-W-Os-Au-Pt,7-7-7-7-4,4.73787927241714338700,5321
Mn-W-Ir-Au-Pt,7-7-7-7-4,4.69521032542739239500,5323
Mn-Re-Os-Au-Pt,7-7-7-7-4,4.53124568965312230700,5327
Mn-Re-Ir-Au-Pt,7-7-7-7-4,4.50371374534394670100,5329
Mn-Os-Ir-Au-Pt,7-7-7-7-4,4.48991926430754431600,5332
Fe-Co-Ni-Zn-Pt,7-7-7-7-4,4.89649109056679485300,5337
Fe-Co-Ni-Tc-Pt,7-7-7-7-4,4.27774034976411348800,5341
Fe-Co-Ni-Rh-Pt,7-7-7-7-4,4.09752211708490964600,5343
Fe-Co-Ni-Pd-Pt,7-7-7-7-4,4.67947646644365548900,5344
Fe-Co-Ni-Re-Pt,7-7-7-7-4,4.67947646644365548900,5350
Fe-Co-Ni-Os-Pt,7-7-7-7-4,4.09752211708490964600,5351
Fe-Co-Ni-Ir-Pt,7-7-7-7-4,4.27774034976411348800,5352
Fe-Co-Cu-Zn-Pt,7-7-7-7-4,4.54013353327850919900,5355
Fe-Co-Cu-Mo-Pt,7-7-7-7-4,4.76500918152315840800,5358
Fe-Co-Cu-Pd-Pt,7-7-7-7-4,4.32532513228774514000,5362
Fe-Co-Cu-W-Pt,7-7-7-7-4,4.99771822935227111600,5367
Fe-Co-Cu-Re-Pt,7-7-7-7-4,4.32532513228774514000,5368
Fe-Co-Zn-Tc-Pt,7-7-7-7-4,4.52886575203990783900,5376
Fe-Co-Zn-Ru-Pt,7-7-7-7-4,4.40014204316178865700,5377
Fe-Co-Zn-Rh-Pt,7-7-7-7-4,4.45424656928643769400,5378
Fe-Co-Zn-Pd-Pt,7-7-7-7-4,4.73428320868111987000,5379
Fe-Co-Zn-Re-Pt,7-7-7-7-4,4.73428320868111987000,5385
Fe-Co-Zn-Os-Pt,7-7-7-7-4,4.45424656928643769400,5386
Fe-Co-Zn-Ir-Pt,7-7-7-7-4,4.52886575203990783900,5387
Fe-Co-Mo-Tc-Pt,7-7-7-7-4,4.70219363701666373600,5421
Fe-Co-Mo-Ru-Pt,7-7-7-7-4,4.59207877763437329200,5422
Fe-Co-Mo-Rh-Pt,7-7-7-7-4,4.63744946064105371300,5423
Fe-Co-Mo-Pd-Pt,7-7-7-7-4,4.88793156662406639300,5424
Fe-Co-Mo-Re-Pt,7-7-7-7-4,4.88793156662406639300,5430
Fe-Co-Mo-Os-Pt,7-7-7-7-4,4.63744946064105371300,5431
Fe-Co-Mo-Ir-Pt,7-7-7-7-4,4.70219363701666373600,5432
Fe-Co-Tc-Pd-Pt,7-7-7-7-4,4.36946077908933747100,5437
Fe-Co-Tc-W-Pt,7-7-7-7-4,4.88818729182915003400,5442
Fe-Co-Tc-Re-Pt,7-7-7-7-4,4.36946077908933747100,5443
Fe-Co-Tc-Ir-Pt,7-7-7-7-4,4.10114313332270811100,5445
Fe-Co-Ru-Pd-Pt,7-7-7-7-4,4.22178131835366385000,5449
Fe-Co-Ru-W-Pt,7-7-7-7-4,4.79560345524940166500,5454
Fe-Co-Ru-Re-Pt,7-7-7-7-4,4.22178131835366385000,5455
Fe-Co-Rh-Pd-Pt,7-7-7-7-4,4.28478412525065257800,5460
Fe-Co-Rh-W-Pt,7-7-7-7-4,4.83182807020282955700,5465
Fe-Co-Rh-Re-Pt,7-7-7-7-4,4.28478412525065257800,5466
Fe-Co-Pd-Re-Pt,7-7-7-7-4,4.59537811284338168300,5476
Fe-Co-Pd-Os-Pt,7-7-7-7-4,4.28478412525065257800,5477
Fe-Co-Pd-Ir-Pt,7-7-7-7-4,4.36946077908933747100,5478
Fe-Co-W-Os-Pt,7-7-7-7-4,4.83182807020282955700,5512
Fe-Co-W-Ir-Pt,7-7-7-7-4,4.88818729182915003400,5513
Fe-Co-Re-Os-Pt,7-7-7-7-4,4.28478412525065257800,5516
Fe-Co-Re-Ir-Pt,7-7-7-7-4,4.36946077908933747100,5517
Fe-Ni-Cu-Zn-Pt,7-7-7-7-4,4.54013353327850919900,5526
Fe-Ni-Cu-Mo-Pt,7-7-7-7-4,4.76500918152315840800,5529
Fe-Ni-Cu-Pd-Pt,7-7-7-7-4,4.32532513228774514000,5533
Fe-Ni-Cu-W-Pt,7-7-7-7-4,4.99771822935227111600,5538
Fe-Ni-Cu-Re-Pt,7-7-7-7-4,4.32532513228774514000,5539
Fe-Ni-Zn-Tc-Pt,7-7-7-7-4,4.52886575203990783900,5547
Fe-Ni-Zn-Ru-Pt,7-7-7-7-4,4.40014204316178865700,5548
Fe-Ni-Zn-Rh-Pt,7-7-7-7-4,4.45424656928643769400,5549
Fe-Ni-Zn-Pd-Pt,7-7-7-7-4,4.73428320868111987000,5550
Fe-Ni-Zn-Re-Pt,7-7-7-7-4,4.73428320868111987000,5556
Fe-Ni-Zn-Os-Pt,7-7-7-7-4,4.45424656928643769400,5557
Fe-Ni-Zn-Ir-Pt,7-7-7-7-4,4.52886575203990783900,5558
Fe-Ni-Mo-Tc-Pt,7-7-7-7-4,4.70219363701666373600,5592
Fe-Ni-Mo-Ru-Pt,7-7-7-7-4,4.59207877763437329200,5593
Fe-Ni-Mo-Rh-Pt,7-7-7-7-4,4.63744946064105371300,5594
Fe-Ni-Mo-Pd-Pt,7-7-7-7-4,4.88793156662406639300,5595
Fe-Ni-Mo-Re-Pt,7-7-7-7-4,4.88793156662406639300,5601
Fe-Ni-Mo-Os-Pt,7-7-7-7-4,4.63744946064105371300,5602
Fe-Ni-Mo-Ir-Pt,7-7-7-7-4,4.70219363701666373600,5603
Fe-Ni-Tc-Pd-Pt,7-7-7-7-4,4.36946077908933747100,5608
Fe-Ni-Tc-W-Pt,7-7-7-7-4,4.88818729182915003400,5613
Fe-Ni-Tc-Re-Pt,7-7-7-7-4,4.36946077908933747100,5614
Fe-Ni-Tc-Ir-Pt,7-7-7-7-4,4.10114313332270811100,5616
Fe-Ni-Ru-Pd-Pt,7-7-7-7-4,4.22178131835366385000,5620
Fe-Ni-Ru-W-Pt,7-7-7-7-4,4.79560345524940166500,5625
Fe-Ni-Ru-Re-Pt,7-7-7-7-4,4.22178131835366385000,5626
Fe-Ni-Rh-Pd-Pt,7-7-7-7-4,4.28478412525065257800,5631
Fe-Ni-Rh-W-Pt,7-7-7-7-4,4.83182807020282955700,5636
Fe-Ni-Rh-Re-Pt,7-7-7-7-4,4.28478412525065257800,5637
Fe-Ni-Pd-Re-Pt,7-7-7-7-4,4.59537811284338168300,5647
Fe-Ni-Pd-Os-Pt,7-7-7-7-4,4.28478412525065257800,5648
Fe-Ni-Pd-Ir-Pt,7-7-7-7-4,4.36946077908933747100,5649
Fe-Ni-W-Os-Pt,7-7-7-7-4,4.83182807020282955700,5683
Fe-Ni-W-Ir-Pt,7-7-7-7-4,4.88818729182915003400,5684
Fe-Ni-Re-Os-Pt,7-7-7-7-4,4.28478412525065257800,5687
Fe-Ni-Re-Ir-Pt,7-7-7-7-4,4.36946077908933747100,5688
Fe-Cu-Zn-Mo-Pt,7-7-7-7-4,4.41032170028445884100,5699
Fe-Cu-Zn-Pd-Pt,7-7-7-7-4,4.13702791868752077400,5703
Fe-Cu-Zn-W-Pt,7-7-7-7-4,4.57025026667030566000,5708
Fe-Cu-Zn-Re-Pt,7-7-7-7-4,4.13702791868752077400,5709
Fe-Cu-Mo-Tc-Pt,7-7-7-7-4,4.11802440497867860800,5745
Fe-Cu-Mo-Ru-Pt,7-7-7-7-4,4.02965569248788301400,5746
Fe-Cu-Mo-Rh-Pt,7-7-7-7-4,4.06286536818536481500,5747
Fe-Cu-Mo-Pd-Pt,7-7-7-7-4,4.29341792747922456400,5748
Fe-Cu-Mo-W-Pt,7-7-7-7-4,4.69281365494092467000,5753
Fe-Cu-Mo-Re-Pt,7-7-7-7-4,4.29341792747922456400,5754
Fe-Cu-Mo-Os-Pt,7-7-7-7-4,4.06286536818536481500,5755
Fe-Cu-Mo-Ir-Pt,7-7-7-7-4,4.11802440497867860800,5756
Fe-Cu-Tc-W-Pt,7-7-7-7-4,4.31077864196249353100,5766
Fe-Cu-Tc-Au-Pt,7-7-7-7-4,4.95160958679094569800,5770
Fe-Cu-Ru-W-Pt,7-7-7-7-4,4.24068832856176781300,5778
Fe-Cu-Ru-Au-Pt,7-7-7-7-4,4.92798133113346930000,5782
Fe-Cu-Rh-W-Pt,7-7-7-7-4,4.26442405255387330500,5789
Fe-Cu-Rh-Au-Pt,7-7-7-7-4,4.93045383306648557400,5793
Fe-Cu-Pd-W-Pt,7-7-7-7-4,4.46503779379301558800,5799
Fe-Cu-W-Re-Pt,7-7-7-7-4,4.46503779379301558800,5835
Fe-Cu-W-Os-Pt,7-7-7-7-4,4.26442405255387330500,5836
Fe-Cu-W-Ir-Pt,7-7-7-7-4,4.31077864196249353100,5837
Fe-Cu-Os-Au-Pt,7-7-7-7-4,4.93045383306648557400,5845
Fe-Cu-Ir-Au-Pt,7-7-7-7-4,4.95160958679094569800,5847
Fe-Zn-Nb-Mo-Pt,7-7-7-7-4,4.86405823361521855000,5866
Fe-Zn-Nb-Tc-Pt,7-7-7-7-4,4.88633298087635448000,5867
Fe-Zn-Nb-Rh-Pt,7-7-7-7-4,4.93770569191805922400,5869
Fe-Zn-Nb-Pd-Pt,7-7-7-7-4,4.83787143276875434500,5870
Fe-Zn-Nb-W-Pt,7-7-7-7-4,4.90382503766192702400,5875
Fe-Zn-Nb-Re-Pt,7-7-7-7-4,4.83787143276875434500,5876
Fe-Zn-Nb-Os-Pt,7-7-7-7-4,4.93770569191805922400,5877
Fe-Zn-Nb-Ir-Pt,7-7-7-7-4,4.88633298087635448000,5878
Fe-Zn-Mo-Ag-Pt,7-7-7-7-4,4.49252851966462200600,5885
Fe-Zn-Mo-Ta-Pt,7-7-7-7-4,4.86405823361521855000,5888
Fe-Zn-Mo-Au-Pt,7-7-7-7-4,4.32456645225853825100,5893
Fe-Zn-Tc-Ag-Pt,7-7-7-7-4,4.46622743487162776100,5898
Fe-Zn-Tc-Ta-Pt,7-7-7-7-4,4.88633298087635448000,5901
Fe-Zn-Tc-Au-Pt,7-7-7-7-4,4.27094105555204308700,5906
Fe-Zn-Ru-Ag-Pt,7-7-7-7-4,4.57472676779717632100,5910
Fe-Zn-Ru-Au-Pt,7-7-7-7-4,4.37135562497493447700,5918
Fe-Zn-Rh-Ag-Pt,7-7-7-7-4,4.51057784546503531400,5921
Fe-Zn-Rh-Ta-Pt,7-7-7-7-4,4.93770569191805922400,5924
Fe-Zn-Rh-Au-Pt,7-7-7-7-4,4.31081488816209782700,5929
Fe-Zn-Pd-Ag-Pt,7-7-7-7-4,4.43924261558207696900,5931
Fe-Zn-Pd-Ta-Pt,7-7-7-7-4,4.83787143276875434500,5934
Fe-Zn-Pd-Au-Pt,7-7-7-7-4,4.25551113263730048000,5939
Fe-Zn-Ag-W-Pt,7-7-7-7-4,4.54900401186897174100,5944
Fe-Zn-Ag-Re-Pt,7-7-7-7-4,4.43924261558207696900,5945
Fe-Zn-Ag-Os-Pt,7-7-7-7-4,4.51057784546503531400,5946
Fe-Zn-Ag-Ir-Pt,7-7-7-7-4,4.46622743487162776100,5947
Fe-Zn-Ag-Au-Pt,7-7-7-7-4,4.82218181946720047100,5948
Fe-Zn-Ta-W-Pt,7-7-7-7-4,4.90382503766192702400,5965
Fe-Zn-Ta-Re-Pt,7-7-7-7-4,4.83787143276875434500,5966
Fe-Zn-Ta-Os-Pt,7-7-7-7-4,4.93770569191805922400,5967
Fe-Zn-Ta-Ir-Pt,7-7-7-7-4,4.88633298087635448000,5968
Fe-Zn-W-Au-Pt,7-7-7-7-4,4.38908447173211739200,5974
Fe-Zn-Re-Au-Pt,7-7-7-7-4,4.25551113263730048000,5978
Fe-Zn-Os-Au-Pt,7-7-7-7-4,4.31081488816209782700,5981
Fe-Zn-Ir-Au-Pt,7-7-7-7-4,4.27094105555204308700,5983
Fe-Nb-Mo-Tc-Pt,7-7-7-7-4,4.92369906675864990300,6106
Fe-Nb-Mo-Rh-Pt,7-7-7-7-4,4.98011671549974820400,6108
Fe-Nb-Mo-Pd-Pt,7-7-7-7-4,4.86547145711492176600,6109
Fe-Nb-Mo-W-Pt,7-7-7-7-4,4.91563195326908094500,6114
Fe-Nb-Mo-Re-Pt,7-7-7-7-4,4.86547145711492176600,6115
Fe-Nb-Mo-Os-Pt,7-7-7-7-4,4.98011671549974820400,6116
Fe-Nb-Mo-Ir-Pt,7-7-7-7-4,4.92369906675864990300,6117
Fe-Nb-Tc-Ru-Pt,7-7-7-7-4,4.97518843864229930500,6120
Fe-Nb-Tc-Rh-Pt,7-7-7-7-4,4.92030232810952379900,6121
Fe-Nb-Tc-Pd-Pt,7-7-7-7-4,4.86653110541790331600,6122
Fe-Nb-Tc-W-Pt,7-7-7-7-4,4.97870465081028882600,6127
Fe-Nb-Tc-Re-Pt,7-7-7-7-4,4.86653110541790331600,6128
Fe-Nb-Tc-Os-Pt,7-7-7-7-4,4.92030232810952379900,6129
Fe-Nb-Tc-Ir-Pt,7-7-7-7-4,4.88383814228113010200,6130
Fe-Nb-Ru-Pd-Pt,7-7-7-7-4,4.97854773001123290400,6134
Fe-Nb-Ru-Re-Pt,7-7-7-7-4,4.97854773001123290400,6140
Fe-Nb-Ru-Ir-Pt,7-7-7-7-4,4.97518843864229930500,6142
Fe-Nb-Rh-Pd-Pt,7-7-7-7-4,4.91331100175838655400,6145
Fe-Nb-Rh-Re-Pt,7-7-7-7-4,4.91331100175838655400,6151
Fe-Nb-Rh-Os-Pt,7-7-7-7-4,4.95138869409380947600,6152
Fe-Nb-Rh-Ir-Pt,7-7-7-7-4,4.92030232810952379900,6153
Fe-Nb-Pd-W-Pt,7-7-7-7-4,4.91082986876963596500,6160
Fe-Nb-Pd-Re-Pt,7-7-7-7-4,4.82904623088245035200,6161
Fe-Nb-Pd-Os-Pt,7-7-7-7-4,4.91331100175838655400,6162
Fe-Nb-Pd-Ir-Pt,7-7-7-7-4,4.86653110541790331600,6163
Fe-Nb-W-Re-Pt,7-7-7-7-4,4.91082986876963596500,6196
Fe-Nb-W-Ir-Pt,7-7-7-7-4,4.97870465081028882600,6198
Fe-Nb-Re-Os-Pt,7-7-7-7-4,4.91331100175838655400,6201
Fe-Nb-Re-Ir-Pt,7-7-7-7-4,4.86653110541790331600,6202
Fe-Nb-Os-Ir-Pt,7-7-7-7-4,4.92030232810952379900,6205
Fe-Mo-Tc-Ag-Pt,7-7-7-7-4,4.52023229491582655700,6214
Fe-Mo-Tc-Ta-Pt,7-7-7-7-4,4.92369906675864990300,6217
Fe-Mo-Tc-Au-Pt,7-7-7-7-4,4.33398632900474202600,6222
Fe-Mo-Ru-Ag-Pt,7-7-7-7-4,4.63825802430179599800,6226
Fe-Mo-Ru-Au-Pt,7-7-7-7-4,4.44448394079672651400,6234
Fe-Mo-Rh-Ag-Pt,7-7-7-7-4,4.56936127921616633400,6237
Fe-Mo-Rh-Ta-Pt,7-7-7-7-4,4.98011671549974820400,6240
Fe-Mo-Rh-Au-Pt,7-7-7-7-4,4.37892680916226321800,6245
Fe-Mo-Pd-Ag-Pt,7-7-7-7-4,4.48204752317509458100,6247
Fe-Mo-Pd-Ta-Pt,7-7-7-7-4,4.86547145711492176600,6250
Fe-Mo-Pd-Au-Pt,7-7-7-7-4,4.30693481492348569700,6255
Fe-Mo-Ag-W-Pt,7-7-7-7-4,4.57315536582784381500,6260
Fe-Mo-Ag-Re-Pt,7-7-7-7-4,4.48204752317509458100,6261
Fe-Mo-Ag-Os-Pt,7-7-7-7-4,4.56936127921616633400,6262
Fe-Mo-Ag-Ir-Pt,7-7-7-7-4,4.52023229491582655700,6263
Fe-Mo-Ag-Au-Pt,7-7-7-7-4,4.82894916104943063800,6264
Fe-Mo-Ta-W-Pt,7-7-7-7-4,4.91563195326908094500,6281
Fe-Mo-Ta-Re-Pt,7-7-7-7-4,4.86547145711492176600,6282
Fe-Mo-Ta-Os-Pt,7-7-7-7-4,4.98011671549974820400,6283
Fe-Mo-Ta-Ir-Pt,7-7-7-7-4,4.92369906675864990300,6284
Fe-Mo-W-Au-Pt,7-7-7-7-4,4.42122013702100112900,6290
Fe-Mo-Re-Au-Pt,7-7-7-7-4,4.30693481492348569700,6294
Fe-Mo-Os-Au-Pt,7-7-7-7-4,4.37892680916226321800,6297
Fe-Mo-Ir-Au-Pt,7-7-7-7-4,4.33398632900474202600,6299
Fe-Tc-Ru-Ag-Pt,7-7-7-7-4,4.50038192823675799600,6304
Fe-Tc-Ru-Ta-Pt,7-7-7-7-4,4.97518843864229930500,6307
Fe-Tc-Ru-Au-Pt,7-7-7-7-4,4.27324525390247172000,6312
Fe-Tc-Rh-Ag-Pt,7-7-7-7-4,4.45235190657701718900,6315
Fe-Tc-Rh-Ta-Pt,7-7-7-7-4,4.92030232810952379900,6318
Fe-Tc-Rh-Au-Pt,7-7-7-7-4,4.22899219672961799100,6323
Fe-Tc-Pd-Ag-Pt,7-7-7-7-4,4.43230329512771497100,6325
Fe-Tc-Pd-Ta-Pt,7-7-7-7-4,4.86653110541790331600,6328
Fe-Tc-Pd-Au-Pt,7-7-7-7-4,4.22806841240772734900,6333
Fe-Tc-Ag-W-Pt,7-7-7-7-4,4.59303140638075759200,6338
Fe-Tc-Ag-Re-Pt,7-7-7-7-4,4.43230329512771497100,6339
Fe-Tc-Ag-Os-Pt,7-7-7-7-4,4.45235190657701718900,6340
Fe-Tc-Ag-Ir-Pt,7-7-7-7-4,4.42457625089680198100,6341
Fe-Tc-Ag-Au-Pt,7-7-7-7-4,4.91245228984465558000,6342
Fe-Tc-Ta-W-Pt,7-7-7-7-4,4.97870465081028882600,6359
Fe-Tc-Ta-Re-Pt,7-7-7-7-4,4.86653110541790331600,6360
Fe-Tc-Ta-Os-Pt,7-7-7-7-4,4.92030232810952379900,6361
Fe-Tc-Ta-Ir-Pt,7-7-7-7-4,4.88383814228113010200,6362
Fe-Tc-W-Au-Pt,7-7-7-7-4,4.41619887459792734300,6368
Fe-Tc-Re-Au-Pt,7-7-7-7-4,4.22806841240772734900,6372
Fe-Tc-Os-Au-Pt,7-7-7-7-4,4.22899219672961799100,6375
Fe-Tc-Ir-Au-Pt,7-7-7-7-4,4.20706251439172222800,6377
Fe-Ru-Rh-Ag-Pt,7-7-7-7-4,4.51639374944213649400,6381
Fe-Ru-Rh-Au-Pt,7-7-7-7-4,4.28306986868064061000,6389
Fe-Ru-Pd-Ag-Pt,7-7-7-7-4,4.52962470851614813900,6391
Fe-Ru-Pd-Ta-Pt,7-7-7-7-4,4.97854773001123290400,6394
Fe-Ru-Pd-Au-Pt,7-7-7-7-4,4.31765995650421734300,6399
Fe-Ru-Ag-W-Pt,7-7-7-7-4,4.71983845062519062400,6404
Fe-Ru-Ag-Re-Pt,7-7-7-7-4,4.52962470851614813900,6405
Fe-Ru-Ag-Os-Pt,7-7-7-7-4,4.51639374944213649400,6406
Fe-Ru-Ag-Ir-Pt,7-7-7-7-4,4.50038192823675799600,6407
Fe-Ru-Ta-Re-Pt,7-7-7-7-4,4.97854773001123290400,6426
Fe-Ru-Ta-Ir-Pt,7-7-7-7-4,4.97518843864229930500,6428
Fe-Ru-W-Au-Pt,7-7-7-7-4,4.53620849388561504200,6434
Fe-Ru-Re-Au-Pt,7-7-7-7-4,4.31765995650421734300,6438
Fe-Ru-Os-Au-Pt,7-7-7-7-4,4.28306986868064061000,6441
Fe-Ru-Ir-Au-Pt,7-7-7-7-4,4.27324525390247172000,6443
Fe-Rh-Pd-Ag-Pt,7-7-7-7-4,4.47098283378498334300,6446
Fe-Rh-Pd-Ta-Pt,7-7-7-7-4,4.91331100175838655400,6449
Fe-Rh-Pd-Au-Pt,7-7-7-7-4,4.26215174530424244900,6454
Fe-Rh-Ag-W-Pt,7-7-7-7-4,4.64694119825073749500,6459
Fe-Rh-Ag-Re-Pt,7-7-7-7-4,4.47098283378498334300,6460
Fe-Rh-Ag-Os-Pt,7-7-7-7-4,4.47381269165350730100,6461
Fe-Rh-Ag-Ir-Pt,7-7-7-7-4,4.45235190657701718900,6462
Fe-Rh-Ag-Au-Pt,7-7-7-7-4,4.97848496030669957000,6463
Fe-Rh-Ta-Re-Pt,7-7-7-7-4,4.91331100175838655400,6481
Fe-Rh-Ta-Os-Pt,7-7-7-7-4,4.95138869409380947600,6482
Fe-Rh-Ta-Ir-Pt,7-7-7-7-4,4.92030232810952379900,6483
Fe-Rh-W-Au-Pt,7-7-7-7-4,4.46622743487162776100,6489
Fe-Rh-Re-Au-Pt,7-7-7-7-4,4.26215174530424244900,6493
Fe-Rh-Os-Au-Pt,7-7-7-7-4,4.24551233657376150600,6496
Fe-Rh-Ir-Au-Pt,7-7-7-7-4,4.22899219672961799100,6498
Fe-Pd-Ag-W-Pt,7-7-7-7-4,4.54360814771696614000,6504
Fe-Pd-Ag-Re-Pt,7-7-7-7-4,4.41619887459792734300,6505
Fe-Pd-Ag-Os-Pt,7-7-7-7-4,4.47098283378498334300,6506
Fe-Pd-Ag-Ir-Pt,7-7-7-7-4,4.43230329512771497100,6507
Fe-Pd-Ag-Au-Pt,7-7-7-7-4,4.83373561544278091600,6508
Fe-Pd-Ta-W-Pt,7-7-7-7-4,4.91082986876963596500,6525
Fe-Pd-Ta-Re-Pt,7-7-7-7-4,4.82904623088245035200,6526
Fe-Pd-Ta-Os-Pt,7-7-7-7-4,4.91331100175838655400,6527
Fe-Pd-Ta-Ir-Pt,7-7-7-7-4,4.86653110541790331600,6528
Fe-Pd-W-Au-Pt,7-7-7-7-4,4.37760636649756347100,6534
Fe-Pd-Re-Au-Pt,7-7-7-7-4,4.22485206841612384500,6538
Fe-Pd-Os-Au-Pt,7-7-7-7-4,4.26215174530424244900,6541
Fe-Pd-Ir-Au-Pt,7-7-7-7-4,4.22806841240772734900,6543
Fe-Ag-W-Re-Pt,7-7-7-7-4,4.54360814771696614000,6567
Fe-Ag-W-Os-Pt,7-7-7-7-4,4.64694119825073749500,6568
Fe-Ag-W-Ir-Pt,7-7-7-7-4,4.59303140638075759200,6569
Fe-Ag-W-Au-Pt,7-7-7-7-4,4.85383224885244669200,6570
Fe-Ag-Re-Os-Pt,7-7-7-7-4,4.47098283378498334300,6572
Fe-Ag-Re-Ir-Pt,7-7-7-7-4,4.43230329512771497100,6573
Fe-Ag-Re-Au-Pt,7-7-7-7-4,4.83373561544278091600,6574
Fe-Ag-Os-Ir-Pt,7-7-7-7-4,4.45235190657701718900,6576
Fe-Ag-Os-Au-Pt,7-7-7-7-4,4.97848496030669957000,6577
Fe-Ag-Ir-Au-Pt,7-7-7-7-4,4.91245228984465558000,6579
Fe-Ta-W-Re-Pt,7-7-7-7-4,4.91082986876963596500,6631
Fe-Ta-W-Ir-Pt,7-7-7-7-4,4.97870465081028882600,6633
Fe-Ta-Re-Os-Pt,7-7-7-7-4,4.91331100175838655400,6636
Fe-Ta-Re-Ir-Pt,7-7-7-7-4,4.86653110541790331600,6637
Fe-Ta-Os-Ir-Pt,7-7-7-7-4,4.92030232810952379900,6640
Fe-W-Re-Au-Pt,7-7-7-7-4,4.37760636649756347100,6648
Fe-W-Os-Au-Pt,7-7-7-7-4,4.46622743487162776100,6651
Fe-W-Ir-Au-Pt,7-7-7-7-4,4.41619887459792734300,6653
Fe-Re-Os-Au-Pt,7-7-7-7-4,4.26215174530424244900,6657
Fe-Re-Ir-Au-Pt,7-7-7-7-4,4.22806841240772734900,6659
Fe-Os-Ir-Au-Pt,7-7-7-7-4,4.22899219672961799100,6662
Co-Ni-Cu-Zn-Pt,7-7-7-7-4,4.81303568447191133000,6666
Co-Ni-Cu-Tc-Pt,7-7-7-7-4,4.20293796052237725600,6670
Co-Ni-Cu-Rh-Pt,7-7-7-7-4,4.02697932698939987900,6672
Co-Ni-Cu-Pd-Pt,7-7-7-7-4,4.59789353943738023100,6673
Co-Ni-Cu-Re-Pt,7-7-7-7-4,4.59789353943738023100,6679
Co-Ni-Cu-Os-Pt,7-7-7-7-4,4.02697932698939987900,6680
Co-Ni-Cu-Ir-Pt,7-7-7-7-4,4.20293796052237725600,6681
Co-Ni-Zn-Tc-Pt,7-7-7-7-4,4.88521365960589281500,6687
Co-Ni-Zn-Ru-Pt,7-7-7-7-4,4.74516200987911475900,6688
Co-Ni-Zn-Rh-Pt,7-7-7-7-4,4.80598585099873135200,6689
Co-Ni-Zn-Os-Pt,7-7-7-7-4,4.80598585099873135200,6697
Co-Ni-Zn-Ir-Pt,7-7-7-7-4,4.88521365960589281500,6698
Co-Ni-Mo-Ru-Pt,7-7-7-7-4,4.93488854990667443700,6733
Co-Ni-Mo-Rh-Pt,7-7-7-7-4,4.98670106382967375800,6734
Co-Ni-Mo-Os-Pt,7-7-7-7-4,4.98670106382967375800,6742
Co-Ni-Tc-Ru-Pt,7-7-7-7-4,4.25756679336918917500,6746
Co-Ni-Tc-Rh-Pt,7-7-7-7-4,4.34619086097239866700,6747
Co-Ni-Tc-Pd-Pt,7-7-7-7-4,4.72704981991939661800,6748
Co-Ni-Tc-Re-Pt,7-7-7-7-4,4.72704981991939661800,6754
Co-Ni-Tc-Os-Pt,7-7-7-7-4,4.34619086097239866700,6755
Co-Ni-Tc-Ir-Pt,7-7-7-7-4,4.45568457142109645500,6756
Co-Ni-Ru-Rh-Pt,7-7-7-7-4,4.12776422534039606200,6759
Co-Ni-Ru-Pd-Pt,7-7-7-7-4,4.56792485708773453700,6760
Co-Ni-Ru-Re-Pt,7-7-7-7-4,4.56792485708773453700,6766
Co-Ni-Ru-Os-Pt,7-7-7-7-4,4.12776422534039606200,6767
Co-Ni-Ru-Ir-Pt,7-7-7-7-4,4.25756679336918917500,6768
Co-Ni-Rh-Pd-Pt,7-7-7-7-4,4.63768530627079094300,6771
Co-Ni-Rh-Re-Pt,7-7-7-7-4,4.63768530627079094300,6777
Co-Ni-Rh-Os-Pt,7-7-7-7-4,4.22766188335822333800,6778
Co-Ni-Rh-Ir-Pt,7-7-7-7-4,4.34619086097239866700,6779
Co-Ni-Pd-Re-Pt,7-7-7-7-4,4.95788513380453379700,6787
Co-Ni-Pd-Os-Pt,7-7-7-7-4,4.63768530627079094300,6788
Co-Ni-Pd-Ir-Pt,7-7-7-7-4,4.72704981991939661800,6789
Co-Ni-Re-Os-Pt,7-7-7-7-4,4.63768530627079094300,6827
Co-Ni-Re-Ir-Pt,7-7-7-7-4,4.72704981991939661800,6828
Co-Ni-Os-Ir-Pt,7-7-7-7-4,4.34619086097239866700,6831
Co-Cu-Zn-Mo-Pt,7-7-7-7-4,4.84477811669430326600,6839
Co-Cu-Zn-Tc-Pt,7-7-7-7-4,4.37467855962012367800,6840
Co-Cu-Zn-Ru-Pt,7-7-7-7-4,4.25378507919711430200,6841
Co-Cu-Zn-Rh-Pt,7-7-7-7-4,4.30374110513167369300,6842
Co-Cu-Zn-Pd-Pt,7-7-7-7-4,4.57588789198336894700,6843
Co-Cu-Zn-Re-Pt,7-7-7-7-4,4.57588789198336894700,6849
Co-Cu-Zn-Os-Pt,7-7-7-7-4,4.30374110513167369300,6850
Co-Cu-Zn-Ir-Pt,7-7-7-7-4,4.37467855962012367800,6851
Co-Cu-Mo-Tc-Pt,7-7-7-7-4,4.54787038073865953000,6885
Co-Cu-Mo-Ru-Pt,7-7-7-7-4,4.44574937440247524300,6886
Co-Cu-Mo-Rh-Pt,7-7-7-7-4,4.48650755042271159200,6887
Co-Cu-Mo-Pd-Pt,7-7-7-7-4,4.72807439662279425900,6888
Co-Cu-Mo-Re-Pt,7-7-7-7-4,4.72807439662279425900,6894
Co-Cu-Mo-Os-Pt,7-7-7-7-4,4.48650755042271159200,6895
Co-Cu-Mo-Ir-Pt,7-7-7-7-4,4.54787038073865953000,6896
Co-Cu-Tc-Pd-Pt,7-7-7-7-4,4.21618903750768746200,6901
Co-Cu-Tc-W-Pt,7-7-7-7-4,4.73448122818118268200,6906
Co-Cu-Tc-Re-Pt,7-7-7-7-4,4.21618903750768746200,6907
Co-Cu-Ru-Pd-Pt,7-7-7-7-4,4.07546009672527648900,6913
Co-Cu-Ru-W-Pt,7-7-7-7-4,4.64909265341098574200,6918
Co-Cu-Ru-Re-Pt,7-7-7-7-4,4.07546009672527648900,6919
Co-Cu-Rh-Pd-Pt,7-7-7-7-4,4.13487454465065965100,6924
Co-Cu-Rh-W-Pt,7-7-7-7-4,4.68177984317930097100,6929
Co-Cu-Rh-Re-Pt,7-7-7-7-4,4.13487454465065965100,6930
Co-Cu-Pd-W-Pt,7-7-7-7-4,4.89508682251908582000,6939
Co-Cu-Pd-Re-Pt,7-7-7-7-4,4.43783449443532087200,6940
Co-Cu-Pd-Os-Pt,7-7-7-7-4,4.13487454465065965100,6941
Co-Cu-Pd-Ir-Pt,7-7-7-7-4,4.21618903750768746200,6942
Co-Cu-W-Re-Pt,7-7-7-7-4,4.89508682251908582000,6975
Co-Cu-W-Os-Pt,7-7-7-7-4,4.68177984317930097100,6976
Co-Cu-W-Ir-Pt,7-7-7-7-4,4.73448122818118268200,6977
Co-Cu-Re-Os-Pt,7-7-7-7-4,4.13487454465065965100,6980
Co-Cu-Re-Ir-Pt,7-7-7-7-4,4.21618903750768746200,6981
Co-Zn-Mo-Tc-Pt,7-7-7-7-4,4.22677477516841438800,7021
Co-Zn-Mo-Ru-Pt,7-7-7-7-4,4.25617198900608338600,7022
Co-Zn-Mo-Rh-Pt,7-7-7-7-4,4.23072836518725224500,7023
Co-Zn-Mo-Pd-Pt,7-7-7-7-4,4.28474765884760126000,7024
Co-Zn-Mo-W-Pt,7-7-7-7-4,4.52303133971012851700,7029
Co-Zn-Mo-Re-Pt,7-7-7-7-4,4.28474765884760126000,7030
Co-Zn-Mo-Os-Pt,7-7-7-7-4,4.23072836518725224500,7031
Co-Zn-Mo-Ir-Pt,7-7-7-7-4,4.22677477516841438800,7032
Co-Zn-Mo-Au-Pt,7-7-7-7-4,4.91416956361906584100,7033
Co-Zn-Tc-Pd-Pt,7-7-7-7-4,4.02476707400564983300,7037
Co-Zn-Tc-W-Pt,7-7-7-7-4,4.35563571709113433200,7042
Co-Zn-Tc-Re-Pt,7-7-7-7-4,4.02476707400564983300,7043
Co-Zn-Tc-Au-Pt,7-7-7-7-4,4.83153702252192206000,7046
Co-Zn-Ru-Pd-Pt,7-7-7-7-4,4.02864741569673729100,7049
Co-Zn-Ru-W-Pt,7-7-7-7-4,4.39705156894935677300,7054
Co-Zn-Ru-Re-Pt,7-7-7-7-4,4.02864741569673729100,7055
Co-Zn-Ru-Au-Pt,7-7-7-7-4,4.90306026885250514100,7058
Co-Zn-Rh-Pd-Pt,7-7-7-7-4,4.01473847217972593000,7060
Co-Zn-Rh-W-Pt,7-7-7-7-4,4.36552545520009538200,7065
Co-Zn-Rh-Re-Pt,7-7-7-7-4,4.01473847217972593000,7066
Co-Zn-Rh-Au-Pt,7-7-7-7-4,4.85788662897766686800,7069
Co-Zn-Pd-W-Pt,7-7-7-7-4,4.39897004990941032800,7075
Co-Zn-Pd-Re-Pt,7-7-7-7-4,4.11267096909052523800,7076
Co-Zn-Pd-Os-Pt,7-7-7-7-4,4.01473847217972593000,7077
Co-Zn-Pd-Ir-Pt,7-7-7-7-4,4.02476707400564983300,7078
Co-Zn-Pd-Au-Pt,7-7-7-7-4,4.83544853141877625300,7079
Co-Zn-W-Re-Pt,7-7-7-7-4,4.39897004990941032800,7111
Co-Zn-W-Os-Pt,7-7-7-7-4,4.36552545520009538200,7112
Co-Zn-W-Ir-Pt,7-7-7-7-4,4.35563571709113433200,7113
Co-Zn-W-Au-Pt,7-7-7-7-4,4.98011671549974820400,7114
Co-Zn-Re-Os-Pt,7-7-7-7-4,4.01473847217972593000,7116
Co-Zn-Re-Ir-Pt,7-7-7-7-4,4.02476707400564983300,7117
Co-Zn-Re-Au-Pt,7-7-7-7-4,4.83544853141877625300,7118
Co-Zn-Os-Au-Pt,7-7-7-7-4,4.85788662897766686800,7121
Co-Zn-Ir-Au-Pt,7-7-7-7-4,4.83153702252192206000,7123
Co-Mo-Tc-Ru-Pt,7-7-7-7-4,4.03570006318606388000,7351
Co-Mo-Tc-Rh-Pt,7-7-7-7-4,4.02864741569673729100,7352
Co-Mo-Tc-Pd-Pt,7-7-7-7-4,4.14506483664610486300,7353
Co-Mo-Tc-W-Pt,7-7-7-7-4,4.44733066007015043900,7358
Co-Mo-Tc-Re-Pt,7-7-7-7-4,4.14506483664610486300,7359
Co-Mo-Tc-Os-Pt,7-7-7-7-4,4.02864741569673729100,7360
Co-Mo-Tc-Ir-Pt,7-7-7-7-4,4.04486557254997041700,7361
Co-Mo-Tc-Au-Pt,7-7-7-7-4,4.89623579906033528800,7362
Co-Mo-Ru-Rh-Pt,7-7-7-7-4,4.00562105047394616800,7364
Co-Mo-Ru-Pd-Pt,7-7-7-7-4,4.16214337811661649100,7365
Co-Mo-Ru-W-Pt,7-7-7-7-4,4.49975693788008954000,7370
Co-Mo-Ru-Re-Pt,7-7-7-7-4,4.16214337811661649100,7371
Co-Mo-Ru-Os-Pt,7-7-7-7-4,4.00562105047394616800,7372
Co-Mo-Ru-Ir-Pt,7-7-7-7-4,4.03570006318606388000,7373
Co-Mo-Ru-Au-Pt,7-7-7-7-4,4.97754331975122040700,7374
Co-Mo-Rh-Pd-Pt,7-7-7-7-4,4.14234987657971740200,7376
Co-Mo-Rh-W-Pt,7-7-7-7-4,4.46353279365123517800,7381
Co-Mo-Rh-Re-Pt,7-7-7-7-4,4.14234987657971740200,7382
Co-Mo-Rh-Os-Pt,7-7-7-7-4,4.00550402571261935300,7383
Co-Mo-Rh-Ir-Pt,7-7-7-7-4,4.02864741569673729100,7384
Co-Mo-Rh-Au-Pt,7-7-7-7-4,4.92791791733588030100,7385
Co-Mo-Pd-W-Pt,7-7-7-7-4,4.47765284496241401000,7391
Co-Mo-Pd-Re-Pt,7-7-7-7-4,4.21707837252285364700,7392
Co-Mo-Pd-Os-Pt,7-7-7-7-4,4.14234987657971740200,7393
Co-Mo-Pd-Ir-Pt,7-7-7-7-4,4.14506483664610486300,7394
Co-Mo-Pd-Au-Pt,7-7-7-7-4,4.88965745221482769600,7395
Co-Mo-W-Re-Pt,7-7-7-7-4,4.47765284496241401000,7427
Co-Mo-W-Os-Pt,7-7-7-7-4,4.46353279365123517800,7428
Co-Mo-W-Ir-Pt,7-7-7-7-4,4.44733066007015043900,7429
Co-Mo-Re-Os-Pt,7-7-7-7-4,4.14234987657971740200,7432
Co-Mo-Re-Ir-Pt,7-7-7-7-4,4.14506483664610486300,7433
Co-Mo-Re-Au-Pt,7-7-7-7-4,4.88965745221482769600,7434
Co-Mo-Os-Ir-Pt,7-7-7-7-4,4.02864741569673729100,7436
Co-Mo-Os-Au-Pt,7-7-7-7-4,4.92791791733588030100,7437
Co-Mo-Ir-Au-Pt,7-7-7-7-4,4.89623579906033528800,7439
Co-Tc-Ru-W-Pt,7-7-7-7-4,4.20453624077614533700,7448
Co-Tc-Ru-Au-Pt,7-7-7-7-4,4.78741840661540674500,7452
Co-Tc-Rh-Ag-Pt,7-7-7-7-4,4.96711057859597081800,7455
Co-Tc-Rh-W-Pt,7-7-7-7-4,4.19095007128455301500,7459
Co-Tc-Rh-Au-Pt,7-7-7-7-4,4.75732987084141559600,7463
Co-Tc-Pd-Ag-Pt,7-7-7-7-4,4.97518843864229930500,7465
Co-Tc-Pd-W-Pt,7-7-7-7-4,4.28281449516553308300,7469
Co-Tc-Pd-Au-Pt,7-7-7-7-4,4.78438214401818032700,7473
Co-Tc-Ag-Re-Pt,7-7-7-7-4,4.97518843864229930500,7479
Co-Tc-Ag-Os-Pt,7-7-7-7-4,4.96711057859597081800,7480
Co-Tc-Ag-Ir-Pt,7-7-7-7-4,4.95123090756228011300,7481
Co-Tc-W-Re-Pt,7-7-7-7-4,4.28281449516553308300,7505
Co-Tc-W-Os-Pt,7-7-7-7-4,4.19095007128455301500,7506
Co-Tc-W-Ir-Pt,7-7-7-7-4,4.19977677978246839100,7507
Co-Tc-W-Au-Pt,7-7-7-7-4,4.97832803258282689800,7508
Co-Tc-Re-Au-Pt,7-7-7-7-4,4.78438214401818032700,7512
Co-Tc-Os-Au-Pt,7-7-7-7-4,4.75732987084141559600,7515
Co-Tc-Ir-Au-Pt,7-7-7-7-4,4.74710438056716844200,7517
Co-Ru-Rh-W-Pt,7-7-7-7-4,4.18288925265778462700,7525
Co-Ru-Rh-Au-Pt,7-7-7-7-4,4.78666768221901947400,7529
Co-Ru-Pd-W-Pt,7-7-7-7-4,4.31233695343951525900,7535
Co-Ru-Pd-Au-Pt,7-7-7-7-4,4.84606799374503205000,7539
Co-Ru-W-Re-Pt,7-7-7-7-4,4.31233695343951525900,7571
Co-Ru-W-Os-Pt,7-7-7-7-4,4.18288925265778462700,7572
Co-Ru-W-Ir-Pt,7-7-7-7-4,4.20453624077614533700,7573
Co-Ru-Re-Au-Pt,7-7-7-7-4,4.84606799374503205000,7578
Co-Ru-Os-Au-Pt,7-7-7-7-4,4.78666768221901947400,7581
Co-Ru-Ir-Au-Pt,7-7-7-7-4,4.78741840661540674500,7583
Co-Rh-Pd-W-Pt,7-7-7-7-4,4.28697154177631554700,7590
Co-Rh-Pd-Au-Pt,7-7-7-7-4,4.80549815315748508700,7594
Co-Rh-Ag-Os-Pt,7-7-7-7-4,4.97754331975122040700,7601
Co-Rh-Ag-Ir-Pt,7-7-7-7-4,4.96711057859597081800,7602
Co-Rh-W-Re-Pt,7-7-7-7-4,4.28697154177631554700,7626
Co-Rh-W-Os-Pt,7-7-7-7-4,4.17556133950873723700,7627
Co-Rh-W-Ir-Pt,7-7-7-7-4,4.19095007128455301500,7628
Co-Rh-Re-Au-Pt,7-7-7-7-4,4.80549815315748508700,7633
Co-Rh-Os-Au-Pt,7-7-7-7-4,4.76245078714730657500,7636
Co-Rh-Ir-Au-Pt,7-7-7-7-4,4.75732987084141559600,7638
Co-Pd-Ag-Re-Pt,7-7-7-7-4,4.97854773001123290400,7645
Co-Pd-Ag-Ir-Pt,7-7-7-7-4,4.97518843864229930500,7647
Co-Pd-W-Re-Pt,7-7-7-7-4,4.33953482530097919200,7671
Co-Pd-W-Os-Pt,7-7-7-7-4,4.28697154177631554700,7672
Co-Pd-W-Ir-Pt,7-7-7-7-4,4.28281449516553308300,7673
Co-Pd-W-Au-Pt,7-7-7-7-4,4.96113016358168131400,7674
Co-Pd-Re-Au-Pt,7-7-7-7-4,4.79944658268013229900,7678
Co-Pd-Os-Au-Pt,7-7-7-7-4,4.80549815315748508700,7681
Co-Pd-Ir-Au-Pt,7-7-7-7-4,4.78438214401818032700,7683
Co-Ag-Re-Ir-Pt,7-7-7-7-4,4.97518843864229930500,7713
Co-Ag-Os-Ir-Pt,7-7-7-7-4,4.96711057859597081800,7716
Co-W-Re-Os-Pt,7-7-7-7-4,4.28697154177631554700,7786
Co-W-Re-Ir-Pt,7-7-7-7-4,4.28281449516553308300,7787
Co-W-Re-Au-Pt,7-7-7-7-4,4.96113016358168131400,7788
Co-W-Os-Ir-Pt,7-7-7-7-4,4.19095007128455301500,7790
Co-W-Ir-Au-Pt,7-7-7-7-4,4.97832803258282689800,7793
Co-Re-Os-Au-Pt,7-7-7-7-4,4.80549815315748508700,7797
Co-Re-Ir-Au-Pt,7-7-7-7-4,4.78438214401818032700,7799
Co-Os-Ir-Au-Pt,7-7-7-7-4,4.75732987084141559600,7802
Ni-Cu-Zn-Mo-Pt,7-7-7-7-4,4.84477811669430326600,7808
Ni-Cu-Zn-Tc-Pt,7-7-7-7-4,4.37467855962012367800,7809
Ni-Cu-Zn-Ru-Pt,7-7-7-7-4,4.25378507919711430200,7810
Ni-Cu-Zn-Rh-Pt,7-7-7-7-4,4.30374110513167369300,7811
Ni-Cu-Zn-Pd-Pt,7-7-7-7-4,4.57588789198336894700,7812
Ni-Cu-Zn-Re-Pt,7-7-7-7-4,4.57588789198336894700,7818
Ni-Cu-Zn-Os-Pt,7-7-7-7-4,4.30374110513167369300,7819
Ni-Cu-Zn-Ir-Pt,7-7-7-7-4,4.37467855962012367800,7820
Ni-Cu-Mo-Tc-Pt,7-7-7-7-4,4.54787038073865953000,7854
Ni-Cu-Mo-Ru-Pt,7-7-7-7-4,4.44574937440247524300,7855
Ni-Cu-Mo-Rh-Pt,7-7-7-7-4,4.48650755042271159200,7856
Ni-Cu-Mo-Pd-Pt,7-7-7-7-4,4.72807439662279425900,7857
Ni-Cu-Mo-Re-Pt,7-7-7-7-4,4.72807439662279425900,7863
Ni-Cu-Mo-Os-Pt,7-7-7-7-4,4.48650755042271159200,7864
Ni-Cu-Mo-Ir-Pt,7-7-7-7-4,4.54787038073865953000,7865
Ni-Cu-Tc-Pd-Pt,7-7-7-7-4,4.21618903750768746200,7870
Ni-Cu-Tc-W-Pt,7-7-7-7-4,4.73448122818118268200,7875
Ni-Cu-Tc-Re-Pt,7-7-7-7-4,4.21618903750768746200,7876
Ni-Cu-Ru-Pd-Pt,7-7-7-7-4,4.07546009672527648900,7882
Ni-Cu-Ru-W-Pt,7-7-7-7-4,4.64909265341098574200,7887
Ni-Cu-Ru-Re-Pt,7-7-7-7-4,4.07546009672527648900,7888
Ni-Cu-Rh-Pd-Pt,7-7-7-7-4,4.13487454465065965100,7893
Ni-Cu-Rh-W-Pt,7-7-7-7-4,4.68177984317930097100,7898
Ni-Cu-Rh-Re-Pt,7-7-7-7-4,4.13487454465065965100,7899
Ni-Cu-Pd-W-Pt,7-7-7-7-4,4.89508682251908582000,7908
Ni-Cu-Pd-Re-Pt,7-7-7-7-4,4.43783449443532087200,7909
Ni-Cu-Pd-Os-Pt,7-7-7-7-4,4.13487454465065965100,7910
Ni-Cu-Pd-Ir-Pt,7-7-7-7-4,4.21618903750768746200,7911
Ni-Cu-W-Re-Pt,7-7-7-7-4,4.89508682251908582000,7944
Ni-Cu-W-Os-Pt,7-7-7-7-4,4.68177984317930097100,7945
Ni-Cu-W-Ir-Pt,7-7-7-7-4,4.73448122818118268200,7946
Ni-Cu-Re-Os-Pt,7-7-7-7-4,4.13487454465065965100,7949
Ni-Cu-Re-Ir-Pt,7-7-7-7-4,4.21618903750768746200,7950
Ni-Zn-Mo-Tc-Pt,7-7-7-7-4,4.22677477516841438800,7990
Ni-Zn-Mo-Ru-Pt,7-7-7-7-4,4.25617198900608338600,7991
Ni-Zn-Mo-Rh-Pt,7-7-7-7-4,4.23072836518725224500,7992
Ni-Zn-Mo-Pd-Pt,7-7-7-7-4,4.28474765884760126000,7993
Ni-Zn-Mo-W-Pt,7-7-7-7-4,4.52303133971012851700,7998
Ni-Zn-Mo-Re-Pt,7-7-7-7-4,4.28474765884760126000,7999
Ni-Zn-Mo-Os-Pt,7-7-7-7-4,4.23072836518725224500,8000
Ni-Zn-Mo-Ir-Pt,7-7-7-7-4,4.22677477516841438800,8001
Ni-Zn-Mo-Au-Pt,7-7-7-7-4,4.91416956361906584100,8002
Ni-Zn-Tc-Pd-Pt,7-7-7-7-4,4.02476707400564983300,8006
Ni-Zn-Tc-W-Pt,7-7-7-7-4,4.35563571709113433200,8011
Ni-Zn-Tc-Re-Pt,7-7-7-7-4,4.02476707400564983300,8012
Ni-Zn-Tc-Au-Pt,7-7-7-7-4,4.83153702252192206000,8015
Ni-Zn-Ru-Pd-Pt,7-7-7-7-4,4.02864741569673729100,8018
Ni-Zn-Ru-W-Pt,7-7-7-7-4,4.39705156894935677300,8023
Ni-Zn-Ru-Re-Pt,7-7-7-7-4,4.02864741569673729100,8024
Ni-Zn-Ru-Au-Pt,7-7-7-7-4,4.90306026885250514100,8027
Ni-Zn-Rh-Pd-Pt,7-7-7-7-4,4.01473847217972593000,8029
Ni-Zn-Rh-W-Pt,7-7-7-7-4,4.36552545520009538200,8034
Ni-Zn-Rh-Re-Pt,7-7-7-7-4,4.01473847217972593000,8035
Ni-Zn-Rh-Au-Pt,7-7-7-7-4,4.85788662897766686800,8038
Ni-Zn-Pd-W-Pt,7-7-7-7-4,4.39897004990941032800,8044
Ni-Zn-Pd-Re-Pt,7-7-7-7-4,4.11267096909052523800,8045
Ni-Zn-Pd-Os-Pt,7-7-7-7-4,4.01473847217972593000,8046
Ni-Zn-Pd-Ir-Pt,7-7-7-7-4,4.02476707400564983300,8047
Ni-Zn-Pd-Au-Pt,7-7-7-7-4,4.83544853141877625300,8048
Ni-Zn-W-Re-Pt,7-7-7-7-4,4.39897004990941032800,8080
Ni-Zn-W-Os-Pt,7-7-7-7-4,4.36552545520009538200,8081
Ni-Zn-W-Ir-Pt,7-7-7-7-4,4.35563571709113433200,8082
Ni-Zn-W-Au-Pt,7-7-7-7-4,4.98011671549974820400,8083
Ni-Zn-Re-Os-Pt,7-7-7-7-4,4.01473847217972593000,8085
Ni-Zn-Re-Ir-Pt,7-7-7-7-4,4.02476707400564983300,8086
Ni-Zn-Re-Au-Pt,7-7-7-7-4,4.83544853141877625300,8087
Ni-Zn-Os-Au-Pt,7-7-7-7-4,4.85788662897766686800,8090
Ni-Zn-Ir-Au-Pt,7-7-7-7-4,4.83153702252192206000,8092
Ni-Mo-Tc-Ru-Pt,7-7-7-7-4,4.03570006318606388000,8320
Ni-Mo-Tc-Rh-Pt,7-7-7-7-4,4.02864741569673729100,8321
Ni-Mo-Tc-Pd-Pt,7-7-7-7-4,4.14506483664610486300,8322
Ni-Mo-Tc-W-Pt,7-7-7-7-4,4.44733066007015043900,8327
Ni-Mo-Tc-Re-Pt,7-7-7-7-4,4.14506483664610486300,8328
Ni-Mo-Tc-Os-Pt,7-7-7-7-4,4.02864741569673729100,8329
Ni-Mo-Tc-Ir-Pt,7-7-7-7-4,4.04486557254997041700,8330
Ni-Mo-Tc-Au-Pt,7-7-7-7-4,4.89623579906033528800,8331
Ni-Mo-Ru-Rh-Pt,7-7-7-7-4,4.00562105047394616800,8333
Ni-Mo-Ru-Pd-Pt,7-7-7-7-4,4.16214337811661649100,8334
Ni-Mo-Ru-W-Pt,7-7-7-7-4,4.49975693788008954000,8339
Ni-Mo-Ru-Re-Pt,7-7-7-7-4,4.16214337811661649100,8340
Ni-Mo-Ru-Os-Pt,7-7-7-7-4,4.00562105047394616800,8341
Ni-Mo-Ru-Ir-Pt,7-7-7-7-4,4.03570006318606388000,8342
Ni-Mo-Ru-Au-Pt,7-7-7-7-4,4.97754331975122040700,8343
Ni-Mo-Rh-Pd-Pt,7-7-7-7-4,4.14234987657971740200,8345
Ni-Mo-Rh-W-Pt,7-7-7-7-4,4.46353279365123517800,8350
Ni-Mo-Rh-Re-Pt,7-7-7-7-4,4.14234987657971740200,8351
Ni-Mo-Rh-Os-Pt,7-7-7-7-4,4.00550402571261935300,8352
Ni-Mo-Rh-Ir-Pt,7-7-7-7-4,4.02864741569673729100,8353
Ni-Mo-Rh-Au-Pt,7-7-7-7-4,4.92791791733588030100,8354
Ni-Mo-Pd-W-Pt,7-7-7-7-4,4.47765284496241401000,8360
Ni-Mo-Pd-Re-Pt,7-7-7-7-4,4.21707837252285364700,8361
Ni-Mo-Pd-Os-Pt,7-7-7-7-4,4.14234987657971740200,8362
Ni-Mo-Pd-Ir-Pt,7-7-7-7-4,4.14506483664610486300,8363
Ni-Mo-Pd-Au-Pt,7-7-7-7-4,4.88965745221482769600,8364
Ni-Mo-W-Re-Pt,7-7-7-7-4,4.47765284496241401000,8396
Ni-Mo-W-Os-Pt,7-7-7-7-4,4.46353279365123517800,8397
Ni-Mo-W-Ir-Pt,7-7-7-7-4,4.44733066007015043900,8398
Ni-Mo-Re-Os-Pt,7-7-7-7-4,4.14234987657971740200,8401
Ni-Mo-Re-Ir-Pt,7-7-7-7-4,4.14506483664610486300,8402
Ni-Mo-Re-Au-Pt,7-7-7-7-4,4.88965745221482769600,8403
Ni-Mo-Os-Ir-Pt,7-7-7-7-4,4.02864741569673729100,8405
Ni-Mo-Os-Au-Pt,7-7-7-7-4,4.92791791733588030100,8406
Ni-Mo-Ir-Au-Pt,7-7-7-7-4,4.89623579906033528800,8408
Ni-Tc-Ru-W-Pt,7-7-7-7-4,4.20453624077614533700,8417
Ni-Tc-Ru-Au-Pt,7-7-7-7-4,4.78741840661540674500,8421
Ni-Tc-Rh-Ag-Pt,7-7-7-7-4,4.96711057859597081800,8424
Ni-Tc-Rh-W-Pt,7-7-7-7-4,4.19095007128455301500,8428
Ni-Tc-Rh-Au-Pt,7-7-7-7-4,4.75732987084141559600,8432
Ni-Tc-Pd-Ag-Pt,7-7-7-7-4,4.97518843864229930500,8434
Ni-Tc-Pd-W-Pt,7-7-7-7-4,4.28281449516553308300,8438
Ni-Tc-Pd-Au-Pt,7-7-7-7-4,4.78438214401818032700,8442
Ni-Tc-Ag-Re-Pt,7-7-7-7-4,4.97518843864229930500,8448
Ni-Tc-Ag-Os-Pt,7-7-7-7-4,4.96711057859597081800,8449
Ni-Tc-Ag-Ir-Pt,7-7-7-7-4,4.95123090756228011300,8450
Ni-Tc-W-Re-Pt,7-7-7-7-4,4.28281449516553308300,8474
Ni-Tc-W-Os-Pt,7-7-7-7-4,4.19095007128455301500,8475
Ni-Tc-W-Ir-Pt,7-7-7-7-4,4.19977677978246839100,8476
Ni-Tc-W-Au-Pt,7-7-7-7-4,4.97832803258282689800,8477
Ni-Tc-Re-Au-Pt,7-7-7-7-4,4.78438214401818032700,8481
Ni-Tc-Os-Au-Pt,7-7-7-7-4,4.75732987084141559600,8484
Ni-Tc-Ir-Au-Pt,7-7-7-7-4,4.74710438056716844200,8486
Ni-Ru-Rh-W-Pt,7-7-7-7-4,4.18288925265778462700,8494
Ni-Ru-Rh-Au-Pt,7-7-7-7-4,4.78666768221901947400,8498
Ni-Ru-Pd-W-Pt,7-7-7-7-4,4.31233695343951525900,8504
Ni-Ru-Pd-Au-Pt,7-7-7-7-4,4.84606799374503205000,8508
Ni-Ru-W-Re-Pt,7-7-7-7-4,4.31233695343951525900,8540
Ni-Ru-W-Os-Pt,7-7-7-7-4,4.18288925265778462700,8541
Ni-Ru-W-Ir-Pt,7-7-7-7-4,4.20453624077614533700,8542
Ni-Ru-Re-Au-Pt,7-7-7-7-4,4.84606799374503205000,8547
Ni-Ru-Os-Au-Pt,7-7-7-7-4,4.78666768221901947400,8550
Ni-Ru-Ir-Au-Pt,7-7-7-7-4,4.78741840661540674500,8552
Ni-Rh-Pd-W-Pt,7-7-7-7-4,4.28697154177631554700,8559
Ni-Rh-Pd-Au-Pt,7-7-7-7-4,4.80549815315748508700,8563
Ni-Rh-Ag-Os-Pt,7-7-7-7-4,4.97754331975122040700,8570
Ni-Rh-Ag-Ir-Pt,7-7-7-7-4,4.96711057859597081800,8571
Ni-Rh-W-Re-Pt,7-7-7-7-4,4.28697154177631554700,8595
Ni-Rh-W-Os-Pt,7-7-7-7-4,4.17556133950873723700,8596
Ni-Rh-W-Ir-Pt,7-7-7-7-4,4.19095007128455301500,8597
Ni-Rh-Re-Au-Pt,7-7-7-7-4,4.80549815315748508700,8602
Ni-Rh-Os-Au-Pt,7-7-7-7-4,4.76245078714730657500,8605
Ni-Rh-Ir-Au-Pt,7-7-7-7-4,4.75732987084141559600,8607
Ni-Pd-Ag-Re-Pt,7-7-7-7-4,4.97854773001123290400,8614
Ni-Pd-Ag-Ir-Pt,7-7-7-7-4,4.97518843864229930500,8616
Ni-Pd-W-Re-Pt,7-7-7-7-4,4.33953482530097919200,8640
Ni-Pd-W-Os-Pt,7-7-7-7-4,4.28697154177631554700,8641
Ni-Pd-W-Ir-Pt,7-7-7-7-4,4.28281449516553308300,8642
Ni-Pd-W-Au-Pt,7-7-7-7-4,4.96113016358168131400,8643
Ni-Pd-Re-Au-Pt,7-7-7-7-4,4.79944658268013229900,8647
Ni-Pd-Os-Au-Pt,7-7-7-7-4,4.80549815315748508700,8650
Ni-Pd-Ir-Au-Pt,7-7-7-7-4,4.78438214401818032700,8652
Ni-Ag-Re-Ir-Pt,7-7-7-7-4,4.97518843864229930500,8682
Ni-Ag-Os-Ir-Pt,7-7-7-7-4,4.96711057859597081800,8685
Ni-W-Re-Os-Pt,7-7-7-7-4,4.28697154177631554700,8755
Ni-W-Re-Ir-Pt,7-7-7-7-4,4.28281449516553308300,8756
Ni-W-Re-Au-Pt,7-7-7-7-4,4.96113016358168131400,8757
Ni-W-Os-Ir-Pt,7-7-7-7-4,4.19095007128455301500,8759
Ni-W-Ir-Au-Pt,7-7-7-7-4,4.97832803258282689800,8762
Ni-Re-Os-Au-Pt,7-7-7-7-4,4.80549815315748508700,8766
Ni-Re-Ir-Au-Pt,7-7-7-7-4,4.78438214401818032700,8768
Ni-Os-Ir-Au-Pt,7-7-7-7-4,4.75732987084141559600,8771
Cu-Zn-Nb-Mo-Pt,7-7-7-7-4,4.59190864456164894200,8791
Cu-Zn-Nb-Tc-Pt,7-7-7-7-4,4.63370801842325839900,8792
Cu-Zn-Nb-Ru-Pt,7-7-7-7-4,4.77028563086111228300,8793
Cu-Zn-Nb-Rh-Pt,7-7-7-7-4,4.69291354064828260100,8794
Cu-Zn-Nb-Pd-Pt,7-7-7-7-4,4.57394113429545570900,8795
Cu-Zn-Nb-Ag-Pt,7-7-7-7-4,4.95627758504303307900,8796
Cu-Zn-Nb-W-Pt,7-7-7-7-4,4.63009854106799761500,8800
Cu-Zn-Nb-Re-Pt,7-7-7-7-4,4.57394113429545570900,8801
Cu-Zn-Nb-Os-Pt,7-7-7-7-4,4.69291354064828260100,8802
Cu-Zn-Nb-Ir-Pt,7-7-7-7-4,4.63370801842325839900,8803
Cu-Zn-Nb-Au-Pt,7-7-7-7-4,4.85000000000000000000,8804
Cu-Zn-Mo-Ag-Pt,7-7-7-7-4,4.20854784931809941200,8810
Cu-Zn-Mo-Ta-Pt,7-7-7-7-4,4.59190864456164894200,8813
Cu-Zn-Mo-Au-Pt,7-7-7-7-4,4.03407362352250581700,8818
Cu-Zn-Tc-Ag-Pt,7-7-7-7-4,4.20066958948213397800,8823
Cu-Zn-Tc-Ta-Pt,7-7-7-7-4,4.63370801842325839900,8826
Cu-Zn-Ru-Ag-Pt,7-7-7-7-4,4.32539738058828532400,8835
Cu-Zn-Ru-Ta-Pt,7-7-7-7-4,4.77028563086111228300,8838
Cu-Zn-Ru-Au-Pt,7-7-7-7-4,4.11586108852084559700,8843
Cu-Zn-Rh-Ag-Pt,7-7-7-7-4,4.25246252188070435900,8846
Cu-Zn-Rh-Ta-Pt,7-7-7-7-4,4.69291354064828260100,8849
Cu-Zn-Rh-Au-Pt,7-7-7-7-4,4.04606290114229440100,8854
Cu-Zn-Pd-Ag-Pt,7-7-7-7-4,4.16139249530730999000,8856
Cu-Zn-Pd-Ta-Pt,7-7-7-7-4,4.57394113429545570900,8859
Cu-Zn-Ag-Ta-Pt,7-7-7-7-4,4.95627758504303307900,8868
Cu-Zn-Ag-W-Pt,7-7-7-7-4,4.26270160813538530700,8869
Cu-Zn-Ag-Re-Pt,7-7-7-7-4,4.16139249530730999000,8870
Cu-Zn-Ag-Os-Pt,7-7-7-7-4,4.25246252188070435900,8871
Cu-Zn-Ag-Ir-Pt,7-7-7-7-4,4.20066958948213397800,8872
Cu-Zn-Ag-Au-Pt,7-7-7-7-4,4.53892883839348157700,8873
Cu-Zn-Ta-W-Pt,7-7-7-7-4,4.63009854106799761500,8890
Cu-Zn-Ta-Re-Pt,7-7-7-7-4,4.57394113429545570900,8891
Cu-Zn-Ta-Os-Pt,7-7-7-7-4,4.69291354064828260100,8892
Cu-Zn-Ta-Ir-Pt,7-7-7-7-4,4.63370801842325839900,8893
Cu-Zn-Ta-Au-Pt,7-7-7-7-4,4.85000000000000000000,8894
Cu-Zn-W-Au-Pt,7-7-7-7-4,4.09820845004253047400,8899
Cu-Zn-Os-Au-Pt,7-7-7-7-4,4.04606290114229440100,8906
Cu-Nb-Mo-Tc-Pt,7-7-7-7-4,4.66874581659785800700,9031
Cu-Nb-Mo-Ru-Pt,7-7-7-7-4,4.81462615371121000600,9032
Cu-Nb-Mo-Rh-Pt,7-7-7-7-4,4.73226954008327805400,9033
Cu-Nb-Mo-Pd-Pt,7-7-7-7-4,4.59843723453957779400,9034
Cu-Nb-Mo-Ag-Pt,7-7-7-7-4,4.94207066926404847400,9035
Cu-Nb-Mo-W-Pt,7-7-7-7-4,4.63761792302901986200,9039
Cu-Nb-Mo-Re-Pt,7-7-7-7-4,4.59843723453957779400,9040
Cu-Nb-Mo-Os-Pt,7-7-7-7-4,4.73226954008327805400,9041
Cu-Nb-Mo-Ir-Pt,7-7-7-7-4,4.66874581659785800700,9042
Cu-Nb-Mo-Au-Pt,7-7-7-7-4,4.84174555300048786000,9043
Cu-Nb-Tc-Ru-Pt,7-7-7-7-4,4.75042761233133621900,9045
Cu-Nb-Tc-Rh-Pt,7-7-7-7-4,4.68844990375283843600,9046
Cu-Nb-Tc-Pd-Pt,7-7-7-7-4,4.61820446710623673300,9047
Cu-Nb-Tc-W-Pt,7-7-7-7-4,4.72195669188102571200,9052
Cu-Nb-Tc-Re-Pt,7-7-7-7-4,4.61820446710623673300,9053
Cu-Nb-Tc-Os-Pt,7-7-7-7-4,4.68844990375283843600,9054
Cu-Nb-Tc-Ir-Pt,7-7-7-7-4,4.64532695297112536800,9055
Cu-Nb-Tc-Au-Pt,7-7-7-7-4,4.98456994132894076600,9056
Cu-Nb-Ru-Rh-Pt,7-7-7-7-4,4.78238957007895792300,9058
Cu-Nb-Ru-Pd-Pt,7-7-7-7-4,4.74456926390583953500,9059
Cu-Nb-Ru-W-Pt,7-7-7-7-4,4.87637801036794111200,9064
Cu-Nb-Ru-Re-Pt,7-7-7-7-4,4.74456926390583953500,9065
Cu-Nb-Ru-Os-Pt,7-7-7-7-4,4.78238957007895792300,9066
Cu-Nb-Ru-Ir-Pt,7-7-7-7-4,4.75042761233133621900,9067
Cu-Nb-Rh-Pd-Pt,7-7-7-7-4,4.67182378734472389900,9070
Cu-Nb-Rh-W-Pt,7-7-7-7-4,4.79038751042126027200,9075
Cu-Nb-Rh-Re-Pt,7-7-7-7-4,4.67182378734472389900,9076
Cu-Nb-Rh-Os-Pt,7-7-7-7-4,4.72595889740907501200,9077
Cu-Nb-Rh-Ir-Pt,7-7-7-7-4,4.68844990375283843600,9078
Cu-Nb-Pd-Ag-Pt,7-7-7-7-4,4.98742167858303314700,9081
Cu-Nb-Pd-W-Pt,7-7-7-7-4,4.64142354240592872000,9085
Cu-Nb-Pd-Re-Pt,7-7-7-7-4,4.56905351249030568800,9086
Cu-Nb-Pd-Os-Pt,7-7-7-7-4,4.67182378734472389900,9087
Cu-Nb-Pd-Ir-Pt,7-7-7-7-4,4.61820446710623673300,9088
Cu-Nb-Pd-Au-Pt,7-7-7-7-4,4.87676250190636205800,9089
Cu-Nb-Ag-W-Pt,7-7-7-7-4,4.94605271908822257700,9094
Cu-Nb-Ag-Re-Pt,7-7-7-7-4,4.98742167858303314700,9095
Cu-Nb-W-Re-Pt,7-7-7-7-4,4.64142354240592872000,9121
Cu-Nb-W-Os-Pt,7-7-7-7-4,4.79038751042126027200,9122
Cu-Nb-W-Ir-Pt,7-7-7-7-4,4.72195669188102571200,9123
Cu-Nb-W-Au-Pt,7-7-7-7-4,4.85070871110603795600,9124
Cu-Nb-Re-Os-Pt,7-7-7-7-4,4.67182378734472389900,9126
Cu-Nb-Re-Ir-Pt,7-7-7-7-4,4.61820446710623673300,9127
Cu-Nb-Re-Au-Pt,7-7-7-7-4,4.87676250190636205800,9128
Cu-Nb-Os-Ir-Pt,7-7-7-7-4,4.68844990375283843600,9130
Cu-Nb-Ir-Au-Pt,7-7-7-7-4,4.98456994132894076600,9133
Cu-Mo-Tc-Ag-Pt,7-7-7-7-4,4.25301363741053621300,9139
Cu-Mo-Tc-Ta-Pt,7-7-7-7-4,4.66874581659785800700,9142
Cu-Mo-Tc-Au-Pt,7-7-7-7-4,4.06005695772854891100,9147
Cu-Mo-Ru-Ag-Pt,7-7-7-7-4,4.38741096775763644600,9151
Cu-Mo-Ru-Ta-Pt,7-7-7-7-4,4.81462615371121000600,9154
Cu-Mo-Ru-Au-Pt,7-7-7-7-4,4.18792908249411501400,9159
Cu-Mo-Rh-Ag-Pt,7-7-7-7-4,4.30990864172316302200,9162
Cu-Mo-Rh-Ta-Pt,7-7-7-7-4,4.73226954008327805400,9165
Cu-Mo-Rh-Au-Pt,7-7-7-7-4,4.11335477439036371700,9170
Cu-Mo-Pd-Ag-Pt,7-7-7-7-4,4.20167377362879042400,9172
Cu-Mo-Pd-Ta-Pt,7-7-7-7-4,4.59843723453957779400,9175
Cu-Mo-Pd-Au-Pt,7-7-7-7-4,4.02049437258653553200,9180
Cu-Mo-Ag-Ta-Pt,7-7-7-7-4,4.94207066926404847400,9184
Cu-Mo-Ag-W-Pt,7-7-7-7-4,4.28409121051361370200,9185
Cu-Mo-Ag-Re-Pt,7-7-7-7-4,4.20167377362879042400,9186
Cu-Mo-Ag-Os-Pt,7-7-7-7-4,4.30990864172316302200,9187
Cu-Mo-Ag-Ir-Pt,7-7-7-7-4,4.25301363741053621300,9188
Cu-Mo-Ag-Au-Pt,7-7-7-7-4,4.54137231462032850500,9189
Cu-Mo-Ta-W-Pt,7-7-7-7-4,4.63761792302901986200,9206
Cu-Mo-Ta-Re-Pt,7-7-7-7-4,4.59843723453957779400,9207
Cu-Mo-Ta-Os-Pt,7-7-7-7-4,4.73226954008327805400,9208
Cu-Mo-Ta-Ir-Pt,7-7-7-7-4,4.66874581659785800700,9209
Cu-Mo-Ta-Au-Pt,7-7-7-7-4,4.84174555300048786000,9210
Cu-Mo-W-Au-Pt,7-7-7-7-4,4.12659060242229505300,9215
Cu-Mo-Re-Au-Pt,7-7-7-7-4,4.02049437258653553200,9219
Cu-Mo-Os-Au-Pt,7-7-7-7-4,4.11335477439036371700,9222
Cu-Mo-Ir-Au-Pt,7-7-7-7-4,4.06005695772854891100,9224
Cu-Tc-Ru-Ag-Pt,7-7-7-7-4,4.26259164124362257600,9229
Cu-Tc-Ru-Ta-Pt,7-7-7-7-4,4.75042761233133621900,9232
Cu-Tc-Ru-Au-Pt,7-7-7-7-4,4.02845348738197547000,9237
Cu-Tc-Rh-Ag-Pt,7-7-7-7-4,4.20661681164329489900,9240
Cu-Tc-Rh-Ta-Pt,7-7-7-7-4,4.68844990375283843600,9243
Cu-Tc-Pd-Ag-Pt,7-7-7-7-4,4.16934497253465463300,9250
Cu-Tc-Pd-Ta-Pt,7-7-7-7-4,4.61820446710623673300,9253
Cu-Tc-Ag-W-Pt,7-7-7-7-4,4.32456645225853825100,9263
Cu-Tc-Ag-Re-Pt,7-7-7-7-4,4.16934497253465463300,9264
Cu-Tc-Ag-Os-Pt,7-7-7-7-4,4.20661681164329489900,9265
Cu-Tc-Ag-Ir-Pt,7-7-7-7-4,4.17234196824756922900,9266
Cu-Tc-Ag-Au-Pt,7-7-7-7-4,4.64764725425671693100,9267
Cu-Tc-Ta-W-Pt,7-7-7-7-4,4.72195669188102571200,9284
Cu-Tc-Ta-Re-Pt,7-7-7-7-4,4.61820446710623673300,9285
Cu-Tc-Ta-Os-Pt,7-7-7-7-4,4.68844990375283843600,9286
Cu-Tc-Ta-Ir-Pt,7-7-7-7-4,4.64532695297112536800,9287
Cu-Tc-Ta-Au-Pt,7-7-7-7-4,4.98456994132894076600,9288
Cu-Tc-W-Au-Pt,7-7-7-7-4,4.14253847296558007400,9293
Cu-Ru-Rh-Ag-Pt,7-7-7-7-4,4.28474765884760126000,9306
Cu-Ru-Rh-Ta-Pt,7-7-7-7-4,4.78238957007895792300,9309
Cu-Ru-Rh-Au-Pt,7-7-7-7-4,4.04471105272057722000,9314
Cu-Ru-Pd-Ag-Pt,7-7-7-7-4,4.28332522697027992000,9316
Cu-Ru-Pd-Ta-Pt,7-7-7-7-4,4.74456926390583953500,9319
Cu-Ru-Pd-Au-Pt,7-7-7-7-4,4.06459561334211942500,9324
Cu-Ru-Ag-W-Pt,7-7-7-7-4,4.46864073292986935700,9329
Cu-Ru-Ag-Re-Pt,7-7-7-7-4,4.28332522697027992000,9330
Cu-Ru-Ag-Os-Pt,7-7-7-7-4,4.28474765884760126000,9331
Cu-Ru-Ag-Ir-Pt,7-7-7-7-4,4.26259164124362257600,9332
Cu-Ru-Ag-Au-Pt,7-7-7-7-4,4.81407441778790951800,9333
Cu-Ru-Ta-W-Pt,7-7-7-7-4,4.87637801036794111200,9350
Cu-Ru-Ta-Re-Pt,7-7-7-7-4,4.74456926390583953500,9351
Cu-Ru-Ta-Os-Pt,7-7-7-7-4,4.78238957007895792300,9352
Cu-Ru-Ta-Ir-Pt,7-7-7-7-4,4.75042761233133621900,9353
Cu-Ru-W-Au-Pt,7-7-7-7-4,4.27989485852164363600,9359
Cu-Ru-Re-Au-Pt,7-7-7-7-4,4.06459561334211942500,9363
Cu-Ru-Os-Au-Pt,7-7-7-7-4,4.04471105272057722000,9366
Cu-Ru-Ir-Au-Pt,7-7-7-7-4,4.02845348738197547000,9368
Cu-Rh-Pd-Ag-Pt,7-7-7-7-4,4.21604079676655880400,9371
Cu-Rh-Pd-Ta-Pt,7-7-7-7-4,4.67182378734472389900,9374
Cu-Rh-Pd-Au-Pt,7-7-7-7-4,4.00023436813394722300,9379
Cu-Rh-Ag-W-Pt,7-7-7-7-4,4.38669864476692768400,9384
Cu-Rh-Ag-Re-Pt,7-7-7-7-4,4.21604079676655880400,9385
Cu-Rh-Ag-Os-Pt,7-7-7-7-4,4.23504722523846243800,9386
Cu-Rh-Ag-Ir-Pt,7-7-7-7-4,4.20661681164329489900,9387
Cu-Rh-Ag-Au-Pt,7-7-7-7-4,4.72195669188102571200,9388
Cu-Rh-Ta-W-Pt,7-7-7-7-4,4.79038751042126027200,9405
Cu-Rh-Ta-Re-Pt,7-7-7-7-4,4.67182378734472389900,9406
Cu-Rh-Ta-Os-Pt,7-7-7-7-4,4.72595889740907501200,9407
Cu-Rh-Ta-Ir-Pt,7-7-7-7-4,4.68844990375283843600,9408
Cu-Rh-W-Au-Pt,7-7-7-7-4,4.20066958948213397800,9414
Cu-Rh-Re-Au-Pt,7-7-7-7-4,4.00023436813394722300,9418
Cu-Pd-Ag-Ta-Pt,7-7-7-7-4,4.98742167858303314700,9428
Cu-Pd-Ag-W-Pt,7-7-7-7-4,4.26251832840634246500,9429
Cu-Pd-Ag-Re-Pt,7-7-7-7-4,4.14227443562108762400,9430
Cu-Pd-Ag-Os-Pt,7-7-7-7-4,4.21604079676655880400,9431
Cu-Pd-Ag-Ir-Pt,7-7-7-7-4,4.16934497253465463300,9432
Cu-Pd-Ag-Au-Pt,7-7-7-7-4,4.55579987488476056300,9433
Cu-Pd-Ta-W-Pt,7-7-7-7-4,4.64142354240592872000,9450
Cu-Pd-Ta-Re-Pt,7-7-7-7-4,4.56905351249030568800,9451
Cu-Pd-Ta-Os-Pt,7-7-7-7-4,4.67182378734472389900,9452
Cu-Pd-Ta-Ir-Pt,7-7-7-7-4,4.61820446710623673300,9453
Cu-Pd-Ta-Au-Pt,7-7-7-7-4,4.87676250190636205800,9454
Cu-Pd-W-Au-Pt,7-7-7-7-4,4.09088162869570206700,9459
Cu-Pd-Os-Au-Pt,7-7-7-7-4,4.00023436813394722300,9466
Cu-Ag-Ta-W-Pt,7-7-7-7-4,4.94605271908822257700,9486
Cu-Ag-Ta-Re-Pt,7-7-7-7-4,4.98742167858303314700,9487
Cu-Ag-W-Re-Pt,7-7-7-7-4,4.26251832840634246500,9492
Cu-Ag-W-Os-Pt,7-7-7-7-4,4.38669864476692768400,9493
Cu-Ag-W-Ir-Pt,7-7-7-7-4,4.32456645225853825100,9494
Cu-Ag-W-Au-Pt,7-7-7-7-4,4.56323624196687848800,9495
Cu-Ag-Re-Os-Pt,7-7-7-7-4,4.21604079676655880400,9497
Cu-Ag-Re-Ir-Pt,7-7-7-7-4,4.16934497253465463300,9498
Cu-Ag-Re-Au-Pt,7-7-7-7-4,4.55579987488476056300,9499
Cu-Ag-Os-Ir-Pt,7-7-7-7-4,4.20661681164329489900,9501
Cu-Ag-Os-Au-Pt,7-7-7-7-4,4.72195669188102571200,9502
Cu-Ag-Ir-Au-Pt,7-7-7-7-4,4.64764725425671693100,9504
Cu-Ta-W-Re-Pt,7-7-7-7-4,4.64142354240592872000,9556
Cu-Ta-W-Os-Pt,7-7-7-7-4,4.79038751042126027200,9557
Cu-Ta-W-Ir-Pt,7-7-7-7-4,4.72195669188102571200,9558
Cu-Ta-W-Au-Pt,7-7-7-7-4,4.85070871110603795600,9559
Cu-Ta-Re-Os-Pt,7-7-7-7-4,4.67182378734472389900,9561
Cu-Ta-Re-Ir-Pt,7-7-7-7-4,4.61820446710623673300,9562
Cu-Ta-Re-Au-Pt,7-7-7-7-4,4.87676250190636205800,9563
Cu-Ta-Os-Ir-Pt,7-7-7-7-4,4.68844990375283843600,9565
Cu-Ta-Ir-Au-Pt,7-7-7-7-4,4.98456994132894076600,9568
Cu-W-Re-Au-Pt,7-7-7-7-4,4.09088162869570206700,9573
Cu-W-Os-Au-Pt,7-7-7-7-4,4.20066958948213397800,9576
Cu-W-Ir-Au-Pt,7-7-7-7-4,4.14253847296558007400,9578
Cu-Re-Os-Au-Pt,7-7-7-7-4,4.00023436813394722300,9582
Zn-Nb-Mo-Cd-Pt,7-7-7-7-4,4.88952962972922375900,9716
Zn-Nb-Mo-Hg-Pt,7-7-7-7-4,4.88952962972922375900,9724
Zn-Nb-Ag-Cd-Pt,7-7-7-7-4,4.52955571772773317300,9771
Zn-Nb-Ag-Hf-Pt,7-7-7-7-4,4.77372365140672968100,9772
Zn-Nb-Ag-Hg-Pt,7-7-7-7-4,4.52955571772773317300,9779
Zn-Nb-Cd-Ta-Pt,7-7-7-7-4,4.50621099150938559300,9781
Zn-Nb-Cd-W-Pt,7-7-7-7-4,4.78496995810841010900,9782
Zn-Nb-Cd-Au-Pt,7-7-7-7-4,4.56799326838383158300,9786
Zn-Nb-Hf-Ta-Pt,7-7-7-7-4,4.74074756763107984800,9788
Zn-Nb-Hf-Au-Pt,7-7-7-7-4,4.81514537682923961700,9793
Zn-Nb-Ta-Hg-Pt,7-7-7-7-4,4.50621099150938559300,9800
Zn-Nb-W-Hg-Pt,7-7-7-7-4,4.78496995810841010900,9805
Zn-Nb-Au-Hg-Pt,7-7-7-7-4,4.56799326838383158300,9815
Zn-Mo-Ag-Cd-Pt,7-7-7-7-4,4.84790547556364799200,9862
Zn-Mo-Ag-Hg-Pt,7-7-7-7-4,4.84790547556364799200,9870
Zn-Mo-Cd-Ta-Pt,7-7-7-7-4,4.88952962972922375900,9872
Zn-Mo-Cd-W-Pt,7-7-7-7-4,4.96641847813894957900,9873
Zn-Mo-Cd-Au-Pt,7-7-7-7-4,4.85235123419564507500,9877
Zn-Mo-Ta-Hg-Pt,7-7-7-7-4,4.88952962972922375900,9891
Zn-Mo-W-Hg-Pt,7-7-7-7-4,4.96641847813894957900,9896
Zn-Mo-Au-Hg-Pt,7-7-7-7-4,4.85235123419564507500,9906
Zn-Ag-Cd-Ta-Pt,7-7-7-7-4,4.52955571772773317300,10152
Zn-Ag-Cd-W-Pt,7-7-7-7-4,4.75174310122085619400,10153
Zn-Ag-Cd-Au-Pt,7-7-7-7-4,4.56214039678745529000,10157
Zn-Ag-Hf-Ta-Pt,7-7-7-7-4,4.77372365140672968100,10159
Zn-Ag-Hf-Au-Pt,7-7-7-7-4,4.82036694661308953700,10164
Zn-Ag-Ta-Hg-Pt,7-7-7-7-4,4.52955571772773317300,10171
Zn-Ag-W-Hg-Pt,7-7-7-7-4,4.75174310122085619400,10176
Zn-Ag-Au-Hg-Pt,7-7-7-7-4,4.56214039678745529000,10186
Zn-Cd-Ta-W-Pt,7-7-7-7-4,4.78496995810841010900,10194
Zn-Cd-Ta-Au-Pt,7-7-7-7-4,4.56799326838383158300,10198
Zn-Cd-W-Au-Pt,7-7-7-7-4,4.76071160647229291900,10203
Zn-Hf-Ta-Au-Pt,7-7-7-7-4,4.81514537682923961700,10219
Zn-Ta-W-Hg-Pt,7-7-7-7-4,4.78496995810841010900,10240
Zn-Ta-Au-Hg-Pt,7-7-7-7-4,4.56799326838383158300,10250
Zn-W-Au-Hg-Pt,7-7-7-7-4,4.76071160647229291900,10260
Zr-Nb-Ag-Cd-Pt,7-7-7-7-4,4.91521871334328316000,10331
Zr-Nb-Ag-Ta-Pt,7-7-7-7-4,4.46199226803453795400,10333
Zr-Nb-Ag-W-Pt,7-7-7-7-4,4.98184202880821984800,10334
Zr-Nb-Ag-Au-Pt,7-7-7-7-4,4.65198210443677437800,10338
Zr-Nb-Ag-Hg-Pt,7-7-7-7-4,4.91521871334328316000,10339
Zr-Nb-Cd-Hf-Pt,7-7-7-7-4,4.69361268108053415200,10340
Zr-Nb-Cd-Ta-Pt,7-7-7-7-4,4.70893432742483678800,10341
Zr-Nb-Cd-Hg-Pt,7-7-7-7-4,4.61685092893413659500,10347
Zr-Nb-Hf-Ta-Pt,7-7-7-7-4,4.82962860890979897700,10348
Zr-Nb-Hf-Hg-Pt,7-7-7-7-4,4.69361268108053415200,10354
Zr-Nb-Ta-W-Pt,7-7-7-7-4,4.91321559673499367500,10355
Zr-Nb-Ta-Au-Pt,7-7-7-7-4,4.55302097513288423000,10359
Zr-Nb-Ta-Hg-Pt,7-7-7-7-4,4.70893432742483678800,10360
Zr-Ag-Cd-Hf-Pt,7-7-7-7-4,4.98519683663544021500,10711
Zr-Ag-Cd-Ta-Pt,7-7-7-7-4,4.91521871334328316000,10712
Zr-Ag-Cd-Hg-Pt,7-7-7-7-4,4.90494011176487250600,10718
Zr-Ag-Hf-Hg-Pt,7-7-7-7-4,4.98519683663544021500,10725
Zr-Ag-Ta-W-Pt,7-7-7-7-4,4.98184202880821984800,10726
Zr-Ag-Ta-Au-Pt,7-7-7-7-4,4.65198210443677437800,10730
Zr-Ag-Ta-Hg-Pt,7-7-7-7-4,4.91521871334328316000,10731
Zr-Cd-Hf-Ta-Pt,7-7-7-7-4,4.69361268108053415200,10747
Zr-Cd-Hf-Hg-Pt,7-7-7-7-4,4.10388535414916287500,10753
Zr-Cd-Ta-Hg-Pt,7-7-7-7-4,4.61685092893413659500,10759
Zr-Hf-Ta-Hg-Pt,7-7-7-7-4,4.69361268108053415200,10780
Nb-Mo-Ag-Cd-Pt,7-7-7-7-4,4.37089092748835360300,10877
Nb-Mo-Ag-Hf-Pt,7-7-7-7-4,4.61817063348681389900,10878
Nb-Mo-Ag-Hg-Pt,7-7-7-7-4,4.37089092748835360300,10885
Nb-Mo-Cd-Ta-Pt,7-7-7-7-4,4.33737391747587286500,10887
Nb-Mo-Cd-W-Pt,7-7-7-7-4,4.65188133984520288700,10888
Nb-Mo-Cd-Au-Pt,7-7-7-7-4,4.41485418785264073400,10892
Nb-Mo-Hf-Ta-Pt,7-7-7-7-4,4.57547811709333825700,10894
Nb-Mo-Hf-W-Pt,7-7-7-7-4,4.90538607043319272300,10895
Nb-Mo-Hf-Au-Pt,7-7-7-7-4,4.66526392608178171000,10899
Nb-Mo-Ta-Hg-Pt,7-7-7-7-4,4.33737391747587286500,10906
Nb-Mo-W-Hg-Pt,7-7-7-7-4,4.65188133984520288700,10911
Nb-Mo-Au-Hg-Pt,7-7-7-7-4,4.41485418785264073400,10921
Nb-Tc-Ru-Ta-Pt,7-7-7-7-4,4.04154209430014473500,10927
Nb-Ru-Rh-Ta-Pt,7-7-7-7-4,4.18654839933805136400,11004
Nb-Ru-Ta-Os-Pt,7-7-7-7-4,4.18654839933805136400,11047
Nb-Ru-Ta-Ir-Pt,7-7-7-7-4,4.04154209430014473500,11048
Nb-Rh-Ta-Os-Pt,7-7-7-7-4,4.01411571831206679700,11102
Nb-Pd-Ag-Cd-Pt,7-7-7-7-4,4.70132959916660172000,11121
Nb-Pd-Ag-Hf-Pt,7-7-7-7-4,4.94137506166046861400,11122
Nb-Pd-Ag-Hg-Pt,7-7-7-7-4,4.70132959916660172000,11129
Nb-Pd-Cd-Ta-Pt,7-7-7-7-4,4.68724999333297775400,11131
Nb-Pd-Cd-W-Pt,7-7-7-7-4,4.93184803091092822000,11132
Nb-Pd-Cd-Au-Pt,7-7-7-7-4,4.73405217546237020700,11136
Nb-Pd-Hf-Ta-Pt,7-7-7-7-4,4.91753876446337736400,11138
Nb-Pd-Hf-Au-Pt,7-7-7-7-4,4.97773166211277403300,11143
Nb-Pd-Ta-Hg-Pt,7-7-7-7-4,4.68724999333297775400,11150
Nb-Pd-W-Hg-Pt,7-7-7-7-4,4.93184803091092822000,11155
Nb-Pd-Au-Hg-Pt,7-7-7-7-4,4.73405217546237020700,11165
Nb-Ag-Cd-Hf-Pt,7-7-7-7-4,4.57762902603520286600,11166
Nb-Ag-Cd-W-Pt,7-7-7-7-4,4.22588748075478223500,11168
Nb-Ag-Cd-Re-Pt,7-7-7-7-4,4.70132959916660172000,11169
Nb-Ag-Cd-Hg-Pt,7-7-7-7-4,4.42312813515502849200,11173
Nb-Ag-Hf-W-Pt,7-7-7-7-4,4.47587281990898396400,11175
Nb-Ag-Hf-Re-Pt,7-7-7-7-4,4.94137506166046861400,11176
Nb-Ag-Hf-Au-Pt,7-7-7-7-4,4.14057665066111292700,11179
Nb-Ag-Hf-Hg-Pt,7-7-7-7-4,4.57762902603520286600,11180
Nb-Ag-W-Hg-Pt,7-7-7-7-4,4.22588748075478223500,11191
Nb-Ag-Re-Hg-Pt,7-7-7-7-4,4.70132959916660172000,11195
Nb-Cd-Hf-Ta-Pt,7-7-7-7-4,4.37532141676471581200,11202
Nb-Cd-Hf-Au-Pt,7-7-7-7-4,4.70053188479771935600,11207
Nb-Cd-Hf-Hg-Pt,7-7-7-7-4,4.38003281951174425200,11208
Nb-Cd-Ta-W-Pt,7-7-7-7-4,4.18180583002128399800,11209
Nb-Cd-Ta-Re-Pt,7-7-7-7-4,4.68724999333297775400,11210
Nb-Cd-Ta-Hg-Pt,7-7-7-7-4,4.22381640225992777400,11214
Nb-Cd-W-Re-Pt,7-7-7-7-4,4.93184803091092822000,11215
Nb-Cd-W-Au-Pt,7-7-7-7-4,4.27627904842516094600,11218
Nb-Cd-W-Hg-Pt,7-7-7-7-4,4.99155536882042409300,11219
Nb-Cd-Re-Au-Pt,7-7-7-7-4,4.73405217546237020700,11222
Nb-Cd-Au-Hg-Pt,7-7-7-7-4,4.54580850894535591600,11229
Nb-Hf-Ta-W-Pt,7-7-7-7-4,4.42291617600876537300,11230
Nb-Hf-Ta-Re-Pt,7-7-7-7-4,4.91753876446337736400,11231
Nb-Hf-Ta-Au-Pt,7-7-7-7-4,4.05316234562594346600,11234
Nb-Hf-Ta-Hg-Pt,7-7-7-7-4,4.37532141676471581200,11235
Nb-Hf-W-Au-Pt,7-7-7-7-4,4.52896925359402279900,11239
Nb-Hf-Re-Au-Pt,7-7-7-7-4,4.97773166211277403300,11243
Nb-Hf-Au-Hg-Pt,7-7-7-7-4,4.70053188479771935600,11250
Nb-Ta-W-Hg-Pt,7-7-7-7-4,4.18180583002128399800,11255
Nb-Ta-Re-Hg-Pt,7-7-7-7-4,4.68724999333297775400,11259
Nb-W-Re-Hg-Pt,7-7-7-7-4,4.93184803091092822000,11269
Nb-W-Au-Hg-Pt,7-7-7-7-4,4.27627904842516094600,11275
Nb-Re-Au-Hg-Pt,7-7-7-7-4,4.73405217546237020700,11281
Mo-Pd-Ag-Cd-Pt,7-7-7-7-4,4.98071280039313248400,11485
Mo-Pd-Ag-Hg-Pt,7-7-7-7-4,4.98071280039313248400,11493
Mo-Pd-Cd-Au-Pt,7-7-7-7-4,4.98061868646857967800,11500
Mo-Pd-Au-Hg-Pt,7-7-7-7-4,4.98061868646857967800,11529
Mo-Ag-Cd-Ta-Pt,7-7-7-7-4,4.37089092748835360300,11531
Mo-Ag-Cd-W-Pt,7-7-7-7-4,4.62679019407623453100,11532
Mo-Ag-Cd-Re-Pt,7-7-7-7-4,4.98071280039313248400,11533
Mo-Ag-Cd-Au-Pt,7-7-7-7-4,4.41807367525712499800,11536
Mo-Ag-Hf-Ta-Pt,7-7-7-7-4,4.61817063348681389900,11538
Mo-Ag-Hf-W-Pt,7-7-7-7-4,4.89234095295902286700,11539
Mo-Ag-Hf-Au-Pt,7-7-7-7-4,4.67917594240695334800,11543
Mo-Ag-Ta-Hg-Pt,7-7-7-7-4,4.37089092748835360300,11550
Mo-Ag-W-Hg-Pt,7-7-7-7-4,4.62679019407623453100,11555
Mo-Ag-Re-Hg-Pt,7-7-7-7-4,4.98071280039313248400,11559
Mo-Ag-Au-Hg-Pt,7-7-7-7-4,4.41807367525712499800,11565
Mo-Cd-Ta-W-Pt,7-7-7-7-4,4.65188133984520288700,11573
Mo-Cd-Ta-Au-Pt,7-7-7-7-4,4.41485418785264073400,11577
Mo-Cd-W-Au-Pt,7-7-7-7-4,4.64041350528161444700,11582
Mo-Cd-Re-Au-Pt,7-7-7-7-4,4.98061868646857967800,11586
Mo-Hf-Ta-W-Pt,7-7-7-7-4,4.90538607043319272300,11594
Mo-Hf-Ta-Au-Pt,7-7-7-7-4,4.66526392608178171000,11598
Mo-Hf-W-Au-Pt,7-7-7-7-4,4.91073441554315783700,11603
Mo-Ta-W-Hg-Pt,7-7-7-7-4,4.65188133984520288700,11619
Mo-Ta-Au-Hg-Pt,7-7-7-7-4,4.41485418785264073400,11629
Mo-W-Au-Hg-Pt,7-7-7-7-4,4.64041350528161444700,11639
Mo-Re-Au-Hg-Pt,7-7-7-7-4,4.98061868646857967800,11645
Pd-Ag-Cd-Ta-Pt,7-7-7-7-4,4.70132959916660172000,12322
Pd-Ag-Cd-W-Pt,7-7-7-7-4,4.89080770425499350300,12323
Pd-Ag-Cd-Au-Pt,7-7-7-7-4,4.71960671030966307900,12327
Pd-Ag-Hf-Ta-Pt,7-7-7-7-4,4.94137506166046861400,12329
Pd-Ag-Hf-Au-Pt,7-7-7-7-4,4.97456028207519061300,12334
Pd-Ag-Ta-Hg-Pt,7-7-7-7-4,4.70132959916660172000,12341
Pd-Ag-W-Hg-Pt,7-7-7-7-4,4.89080770425499350300,12346
Pd-Ag-Au-Hg-Pt,7-7-7-7-4,4.71960671030966307900,12356
Pd-Cd-Ta-W-Pt,7-7-7-7-4,4.93184803091092822000,12364
Pd-Cd-Ta-Au-Pt,7-7-7-7-4,4.73405217546237020700,12368
Pd-Cd-W-Au-Pt,7-7-7-7-4,4.89543792729516692000,12373
Pd-Hf-Ta-Au-Pt,7-7-7-7-4,4.97773166211277403300,12389
Pd-Ta-W-Hg-Pt,7-7-7-7-4,4.93184803091092822000,12410
Pd-Ta-Au-Hg-Pt,7-7-7-7-4,4.73405217546237020700,12420
Pd-W-Au-Hg-Pt,7-7-7-7-4,4.89543792729516692000,12430
Ag-Cd-Hf-Ta-Pt,7-7-7-7-4,4.57762902603520286600,12441
Ag-Cd-Hf-Au-Pt,7-7-7-7-4,4.86624213330985000600,12446
Ag-Cd-Hf-Hg-Pt,7-7-7-7-4,4.66606766989078288400,12447
Ag-Cd-Ta-W-Pt,7-7-7-7-4,4.22588748075478223500,12448
Ag-Cd-Ta-Re-Pt,7-7-7-7-4,4.70132959916660172000,12449
Ag-Cd-Ta-Hg-Pt,7-7-7-7-4,4.42312813515502849200,12453
Ag-Cd-W-Re-Pt,7-7-7-7-4,4.89080770425499350300,12454
Ag-Cd-W-Au-Pt,7-7-7-7-4,4.28915784274722163000,12457
Ag-Cd-Re-Au-Pt,7-7-7-7-4,4.71960671030966307900,12461
Ag-Cd-Au-Hg-Pt,7-7-7-7-4,4.70720856771823952700,12468
Ag-Hf-Ta-W-Pt,7-7-7-7-4,4.47587281990898396400,12469
Ag-Hf-Ta-Re-Pt,7-7-7-7-4,4.94137506166046861400,12470
Ag-Hf-Ta-Au-Pt,7-7-7-7-4,4.14057665066111292700,12473
Ag-Hf-Ta-Hg-Pt,7-7-7-7-4,4.57762902603520286600,12474
Ag-Hf-W-Au-Pt,7-7-7-7-4,4.55219727164805545600,12478
Ag-Hf-Re-Au-Pt,7-7-7-7-4,4.97456028207519061300,12482
Ag-Hf-Au-Hg-Pt,7-7-7-7-4,4.86624213330985000600,12489
Ag-Ta-W-Hg-Pt,7-7-7-7-4,4.22588748075478223500,12494
Ag-Ta-Re-Hg-Pt,7-7-7-7-4,4.70132959916660172000,12498
Ag-W-Re-Hg-Pt,7-7-7-7-4,4.89080770425499350300,12508
Ag-W-Au-Hg-Pt,7-7-7-7-4,4.28915784274722163000,12514
Ag-Re-Au-Hg-Pt,7-7-7-7-4,4.71960671030966307900,12520
Cd-Hf-Ta-Au-Pt,7-7-7-7-4,4.70053188479771935600,12529
Cd-Hf-Ta-Hg-Pt,7-7-7-7-4,4.38003281951174425200,12530
Cd-Hf-Au-Hg-Pt,7-7-7-7-4,4.82626278812084578700,12545
Cd-Ta-W-Re-Pt,7-7-7-7-4,4.93184803091092822000,12546
Cd-Ta-W-Au-Pt,7-7-7-7-4,4.27627904842516094600,12549
Cd-Ta-W-Hg-Pt,7-7-7-7-4,4.99155536882042409300,12550
Cd-Ta-Re-Au-Pt,7-7-7-7-4,4.73405217546237020700,12553
Cd-Ta-Au-Hg-Pt,7-7-7-7-4,4.54580850894535591600,12560
Cd-W-Re-Au-Pt,7-7-7-7-4,4.89543792729516692000,12563
Hf-Ta-W-Au-Pt,7-7-7-7-4,4.52896925359402279900,12584
Hf-Ta-Re-Au-Pt,7-7-7-7-4,4.97773166211277403300,12588
Hf-Ta-Au-Hg-Pt,7-7-7-7-4,4.70053188479771935600,12595
Ta-W-Re-Hg-Pt,7-7-7-7-4,4.93184803091092822000,12619
Ta-W-Au-Hg-Pt,7-7-7-7-4,4.27627904842516094600,12625
Ta-Re-Au-Hg-Pt,7-7-7-7-4,4.73405217546237020700,12631
W-Re-Au-Hg-Pt,7-7-7-7-4,4.89543792729516692000,12641
